代號,名稱,外資及陸資(不含外資自營商)-買進股數,外資及陸資(不含外資自營商)-賣出股數,外資及陸資(不含外資自營商)-買賣超股數,外資自營商-買進股數,外資自營商-賣出股數,外資自營商-買賣超股數,外資及陸資-買進股數,外資及陸資-賣出股數,外資及陸資-買賣超股數,投信-買進股數,投信-賣出股數,投信-買賣超股數,自營商(自行買賣)-買進股數,自營商(自行買賣)-賣出股數,自營商(自行買賣)-買賣超股數,自營商(避險)-買進股數,自營商(避險)-賣出股數,自營商(避險)-買賣超股數,自營商-買進股數,自營商-賣出股數,自營商-買賣超股數,三大法人買賣超股數合計
"00679B","元大美債20年","3,000","0","3,000","0","0","0","3,000","0","3,000","0","0","0","0","0","0","450,000","457,000","-7,000","450,000","457,000","-7,000","-4,000"
"00687B","國泰20年美債","0","0","0","0","0","0","0","0","0","0","0","0","0","0","0","401,000","400,000","1,000","401,000","400,000","1,000","1,000"
"00694B","富邦美債1-3","0","0","0","0","0","0","0","0","0","0","0","0","0","0","0","302,000","303,000","-1,000","302,000","303,000","-1,000","-1,000"
"00695B","富邦美債7-10","0","0","0","0","0","0","0","0","0","0","0","0","0","0","0","302,000","300,000","2,000","302,000","300,000","2,000","2,000"
"00696B","富邦美債20年","0","0","0","0","0","0","0","0","0","0","0","0","0","0","0","301,000","300,000","1,000","301,000","300,000","1,000","1,000"
"00697B","元大美債7-10","0","0","0","0","0","0","0","0","0","0","0","0","0","0","0","470,000","475,000","-5,000","470,000","475,000","-5,000","-5,000"
"00718B","富邦中國政策債","0","0","0","0","0","0","0","0","0","0","0","0","0","0","0","301,000","301,000","0","301,000","301,000","0","0"
"00719B","元大美債1-3","0","1,000","-1,000","0","0","0","0","1,000","-1,000","0","0","0","0","0","0","402,000","403,000","-1,000","402,000","403,000","-1,000","-2,000"
"00720B","元大投資級公司債","0","0","0","0","0","0","0","0","0","0","0","0","0","0","0","401,000","408,000","-7,000","401,000","408,000","-7,000","-7,000"
"00721B","元大中國債3-5","0","0","0","0","0","0","0","0","0","0","0","0","0","0","0","401,000","402,000","-1,000","401,000","402,000","-1,000","-1,000"
"00722B","群益15年IG電信債","1,000","15,000","-14,000","0","0","0","1,000","15,000","-14,000","0","0","0","0","0","0","300,000","300,000","0","300,000","300,000","0","-14,000"
"00723B","群益15年IG科技債","0","389,000","-389,000","0","0","0","0","389,000","-389,000","0","0","0","0","0","0","710,000","320,000","390,000","710,000","320,000","390,000","1,000"
"00724B","群益10年IG金融債","0","0","0","0","0","0","0","0","0","0","0","0","0","0","0","301,000","301,000","0","301,000","301,000","0","0"
"00725B","國泰投資級公司債","0","0","0","0","0","0","0","0","0","0","0","0","0","0","0","55,000","60,000","-5,000","55,000","60,000","-5,000","-5,000"
"00726B","國泰5Y+新興債","0","0","0","0","0","0","0","0","0","0","0","0","0","0","0","11,000","8,000","3,000","11,000","8,000","3,000","3,000"
"00727B","國泰1-5Y高收債","0","0","0","0","0","0","0","0","0","0","0","0","0","0","0","56,000","53,000","3,000","56,000","53,000","3,000","3,000"
"1268","漢來美食","1,000","0","1,000","0","0","0","1,000","0","1,000","0","0","0","0","4,000","-4,000","0","0","0","0","4,000","-4,000","-3,000"
"1336","台翰","6,000","10,000","-4,000","0","0","0","6,000","10,000","-4,000","0","0","0","0","0","0","0","0","0","0","0","0","-4,000"
"1565","精華","61,000","66,000","-5,000","0","0","0","61,000","66,000","-5,000","13,000","29,000","-16,000","0","0","0","14,000","1,000","13,000","14,000","1,000","13,000","-8,000"
"1566","捷邦","1,000","0","1,000","0","0","0","1,000","0","1,000","0","0","0","4,000","0","4,000","0","0","0","4,000","0","4,000","5,000"
"1569","濱川","1,000","1,000","0","0","0","0","1,000","1,000","0","0","0","0","0","0","0","0","15,000","-15,000","0","15,000","-15,000","-15,000"
"1580","新麥","0","16,000","-16,000","0","0","0","0","16,000","-16,000","0","0","0","0","0","0","0","0","0","0","0","0","-16,000"
"1586","和勤","2,000","33,000","-31,000","0","0","0","2,000","33,000","-31,000","0","0","0","0","0","0","71,000","1,000","70,000","71,000","1,000","70,000","39,000"
"1591","駿吉-KY","1,000","1,000","0","0","0","0","1,000","1,000","0","0","0","0","0","0","0","0","0","0","0","0","0","0"
"1593","祺驊","5,000","0","5,000","0","0","0","5,000","0","5,000","0","0","0","0","0","0","0","0","0","0","0","0","5,000"
"1595","川寶","0","2,000","-2,000","0","0","0","0","2,000","-2,000","0","0","0","0","0","0","0","0","0","0","0","0","-2,000"
"1597","直得","92,000","158,000","-66,000","0","0","0","92,000","158,000","-66,000","30,000","0","30,000","34,000","31,000","3,000","64,000","31,000","33,000","98,000","62,000","36,000","0"
"1742","台蠟","2,000","0","2,000","0","0","0","2,000","0","2,000","0","0","0","0","4,000","-4,000","0","0","0","0","4,000","-4,000","-2,000"
"1752","南光","27,000","23,000","4,000","0","0","0","27,000","23,000","4,000","0","0","0","0","11,000","-11,000","32,000","0","32,000","32,000","11,000","21,000","25,000"
"1781","合世","0","0","0","0","0","0","0","0","0","0","0","0","15,000","19,000","-4,000","0","0","0","15,000","19,000","-4,000","-4,000"
"1784","訊聯","5,000","0","5,000","0","0","0","5,000","0","5,000","0","0","0","0","0","0","0","0","0","0","0","0","5,000"
"1785","光洋科","145,000","203,000","-58,000","0","0","0","145,000","203,000","-58,000","0","0","0","0","0","0","0","0","0","0","0","0","-58,000"
"1787","福盈科","0","12,000","-12,000","0","0","0","0","12,000","-12,000","0","30,000","-30,000","0","0","0","0","0","0","0","0","0","-42,000"
"1788","杏昌","3,000","0","3,000","0","0","0","3,000","0","3,000","0","0","0","0","0","0","0","0","0","0","0","0","3,000"
"1795","美時","466,000","418,000","48,000","0","0","0","466,000","418,000","48,000","40,000","0","40,000","18,000","129,000","-111,000","0","0","0","18,000","129,000","-111,000","-23,000"
"1796","金穎生技","5,000","0","5,000","0","0","0","5,000","0","5,000","0","0","0","0","0","0","0","0","0","0","0","0","5,000"
"1815","富喬","1,212,000","1,421,000","-209,000","0","0","0","1,212,000","1,421,000","-209,000","0","0","0","12,000","0","12,000","919,000","70,000","849,000","931,000","70,000","861,000","652,000"
"2061","風青","0","0","0","0","0","0","0","0","0","0","0","0","3,000","0","3,000","0","0","0","3,000","0","3,000","3,000"
"2063","世鎧","1,000","0","1,000","0","0","0","1,000","0","1,000","0","0","0","0","0","0","0","0","0","0","0","0","1,000"
"2066","世德","0","2,000","-2,000","0","0","0","0","2,000","-2,000","0","0","0","0","0","0","0","0","0","0","0","0","-2,000"
"2067","嘉鋼","0","0","0","0","0","0","0","0","0","0","0","0","0","4,000","-4,000","0","0","0","0","4,000","-4,000","-4,000"
"2221","大甲","4,000","18,000","-14,000","0","0","0","4,000","18,000","-14,000","0","0","0","7,000","0","7,000","0","0","0","7,000","0","7,000","-7,000"
"2233","宇隆","42,000","92,000","-50,000","0","0","0","42,000","92,000","-50,000","135,000","0","135,000","38,000","50,000","-12,000","45,000","49,000","-4,000","83,000","99,000","-16,000","69,000"
"2235","謚源","0","0","0","0","0","0","0","0","0","10,000","0","10,000","1,000","1,000","0","0","0","0","1,000","1,000","0","10,000"
"2640","大車隊","30,000","1,000","29,000","0","0","0","30,000","1,000","29,000","0","0","0","0","0","0","0","0","0","0","0","0","29,000"
"2641","正德","1,122,000","70,000","1,052,000","0","0","0","1,122,000","70,000","1,052,000","0","0","0","39,000","0","39,000","0","0","0","39,000","0","39,000","1,091,000"
"2726","雅茗-KY","0","1,000","-1,000","0","0","0","0","1,000","-1,000","0","0","0","0","0","0","0","0","0","0","0","0","-1,000"
"2729","瓦城","10,000","0","10,000","0","0","0","10,000","0","10,000","0","0","0","0","0","0","2,000","0","2,000","2,000","0","2,000","12,000"
"2732","六角","132,000","68,000","64,000","0","0","0","132,000","68,000","64,000","0","0","0","5,000","0","5,000","39,000","27,000","12,000","44,000","27,000","17,000","81,000"
"2745","五福","0","0","0","0","0","0","0","0","0","0","0","0","0","9,000","-9,000","0","0","0","0","9,000","-9,000","-9,000"
"2916","滿心","0","0","0","0","0","0","0","0","0","0","0","0","0","1,000","-1,000","0","0","0","0","1,000","-1,000","-1,000"
"2928","紅馬-KY","20,000","89,000","-69,000","0","0","0","20,000","89,000","-69,000","0","0","0","0","0","0","50,000","0","50,000","50,000","0","50,000","-19,000"
"3068","美磊","21,000","803,000","-782,000","0","0","0","21,000","803,000","-782,000","0","0","0","1,000","1,000","0","20,000","1,000","19,000","21,000","2,000","19,000","-763,000"
"3071","協禧","14,000","9,000","5,000","0","0","0","14,000","9,000","5,000","0","0","0","0","0","0","0","0","0","0","0","0","5,000"
"3073","凱柏實業","0","10,000","-10,000","0","0","0","0","10,000","-10,000","0","0","0","14,000","0","14,000","0","0","0","14,000","0","14,000","4,000"
"3078","僑威","18,000","99,000","-81,000","0","0","0","18,000","99,000","-81,000","0","0","0","0","0","0","0","0","0","0","0","0","-81,000"
"3081","聯亞","494,000","29,000","465,000","0","0","0","494,000","29,000","465,000","0","226,000","-226,000","15,000","0","15,000","27,000","17,000","10,000","42,000","17,000","25,000","264,000"
"3083","網龍","2,000","0","2,000","0","0","0","2,000","0","2,000","0","0","0","0","0","0","0","0","0","0","0","0","2,000"
"3088","艾訊","1,000","122,000","-121,000","0","0","0","1,000","122,000","-121,000","0","0","0","0","0","0","0","0","0","0","0","0","-121,000"
"3089","遠昇","0","0","0","0","0","0","0","0","0","0","0","0","2,000","0","2,000","0","0","0","2,000","0","2,000","2,000"
"3092","鴻碩","78,000","24,000","54,000","0","0","0","78,000","24,000","54,000","0","0","0","0","0","0","5,000","0","5,000","5,000","0","5,000","59,000"
"3093","港建","0","0","0","0","0","0","0","0","0","0","1,000","-1,000","0","0","0","0","0","0","0","0","0","-1,000"
"3105","穩懋","2,021,670","2,098,392","-76,722","0","0","0","2,021,670","2,098,392","-76,722","50,000","36,000","14,000","20,000","3,000","17,000","47,000","12,000","35,000","67,000","15,000","52,000","-10,722"
"3114","好德","37,000","0","37,000","0","0","0","37,000","0","37,000","0","0","0","0","0","0","0","0","0","0","0","0","37,000"
"3115","寶島極","9,000","0","9,000","0","0","0","9,000","0","9,000","0","0","0","0","11,000","-11,000","0","0","0","0","11,000","-11,000","-2,000"
"3128","昇銳","0","82,000","-82,000","0","0","0","0","82,000","-82,000","0","0","0","0","0","0","0","0","0","0","0","0","-82,000"
"3131","弘塑","0","3,000","-3,000","0","0","0","0","3,000","-3,000","0","0","0","0","0","0","0","0","0","0","0","0","-3,000"
"3141","晶宏","42,000","85,000","-43,000","0","0","0","42,000","85,000","-43,000","0","10,000","-10,000","0","0","0","0","0","0","0","0","0","-53,000"
"3144","新揚科","3,000","2,000","1,000","0","0","0","3,000","2,000","1,000","0","0","0","0","0","0","0","0","0","0","0","0","1,000"
"3152","璟德","32,000","19,000","13,000","0","0","0","32,000","19,000","13,000","0","0","0","0","0","0","0","0","0","0","0","0","13,000"
"3162","精確","37,000","2,000","35,000","0","0","0","37,000","2,000","35,000","0","0","0","0","6,000","-6,000","0","0","0","0","6,000","-6,000","29,000"
"3163","波若威","5,000","1,000","4,000","0","0","0","5,000","1,000","4,000","0","0","0","0","0","0","0","0","0","0","0","0","4,000"
"3176","基亞","7,000","2,000","5,000","0","0","0","7,000","2,000","5,000","0","0","0","0","2,000","-2,000","0","0","0","0","2,000","-2,000","3,000"
"3188","鑫龍騰","1,000","0","1,000","0","0","0","1,000","0","1,000","0","0","0","1,000","0","1,000","0","0","0","1,000","0","1,000","2,000"
"3191","和進","3,000","0","3,000","0","0","0","3,000","0","3,000","0","0","0","3,000","3,000","0","0","0","0","3,000","3,000","0","3,000"
"3202","樺晟","7,000","13,000","-6,000","0","0","0","7,000","13,000","-6,000","0","0","0","8,000","8,000","0","0","0","0","8,000","8,000","0","-6,000"
"3205","佰研","6,000","58,000","-52,000","0","0","0","6,000","58,000","-52,000","0","0","0","0","1,000","-1,000","0","0","0","0","1,000","-1,000","-53,000"
"3211","順達","41,000","2,000","39,000","0","0","0","41,000","2,000","39,000","0","0","0","0","0","0","4,000","20,000","-16,000","4,000","20,000","-16,000","23,000"
"3213","茂訊","0","7,000","-7,000","0","0","0","0","7,000","-7,000","0","0","0","0","0","0","0","0","0","0","0","0","-7,000"
"3217","優群","108,000","143,000","-35,000","0","0","0","108,000","143,000","-35,000","0","0","0","3,000","0","3,000","1,000","6,000","-5,000","4,000","6,000","-2,000","-37,000"
"3218","大學光","12,000","0","12,000","0","0","0","12,000","0","12,000","0","0","0","0","0","0","0","0","0","0","0","0","12,000"
"3221","台嘉碩","27,000","0","27,000","0","0","0","27,000","0","27,000","0","0","0","0","0","0","0","0","0","0","0","0","27,000"
"3224","三顧","9,000","181,000","-172,000","0","0","0","9,000","181,000","-172,000","0","0","0","4,000","4,000","0","83,000","10,000","73,000","87,000","14,000","73,000","-99,000"
"3227","原相","128,000","184,000","-56,000","0","0","0","128,000","184,000","-56,000","0","0","0","0","0","0","8,000","97,000","-89,000","8,000","97,000","-89,000","-145,000"
"3228","金麗科","7,000","107,000","-100,000","0","0","0","7,000","107,000","-100,000","0","0","0","7,000","0","7,000","0","0","0","7,000","0","7,000","-93,000"
"3234","光環","16,000","5,000","11,000","0","0","0","16,000","5,000","11,000","0","0","0","0","3,000","-3,000","0","40,000","-40,000","0","43,000","-43,000","-32,000"
"3236","千如","10,000","29,000","-19,000","0","0","0","10,000","29,000","-19,000","0","0","0","0","0","0","10,000","39,000","-29,000","10,000","39,000","-29,000","-48,000"
"3259","鑫創","0","4,000","-4,000","0","0","0","0","4,000","-4,000","0","0","0","0","0","0","0","0","0","0","0","0","-4,000"
"3260","威剛","368,000","35,000","333,000","0","0","0","368,000","35,000","333,000","0","0","0","0","34,000","-34,000","66,000","8,000","58,000","66,000","42,000","24,000","357,000"
"3264","欣銓","582,000","381,000","201,000","0","0","0","582,000","381,000","201,000","250,000","200,000","50,000","4,000","2,000","2,000","10,000","34,000","-24,000","14,000","36,000","-22,000","229,000"
"3265","台星科","128,000","81,000","47,000","0","0","0","128,000","81,000","47,000","0","0","0","0","0","0","62,000","23,000","39,000","62,000","23,000","39,000","86,000"
"3268","海德威","0","0","0","0","0","0","0","0","0","0","0","0","0","1,000","-1,000","0","0","0","0","1,000","-1,000","-1,000"
"3272","東碩","13,000","28,000","-15,000","0","0","0","13,000","28,000","-15,000","0","0","0","0","0","0","0","0","0","0","0","0","-15,000"
"3276","宇環","0","0","0","0","0","0","0","0","0","0","0","0","0","2,000","-2,000","0","0","0","0","2,000","-2,000","-2,000"
"3284","太普高","0","0","0","0","0","0","0","0","0","0","0","0","0","6,000","-6,000","0","0","0","0","6,000","-6,000","-6,000"
"3287","廣寰科","0","3,000","-3,000","0","0","0","0","3,000","-3,000","0","0","0","0","1,000","-1,000","0","0","0","0","1,000","-1,000","-4,000"
"3289","宜特","27,000","9,000","18,000","0","0","0","27,000","9,000","18,000","10,000","0","10,000","0","1,000","-1,000","0","23,000","-23,000","0","24,000","-24,000","4,000"
"3290","東浦","0","0","0","0","0","0","0","0","0","0","0","0","2,000","0","2,000","0","0","0","2,000","0","2,000","2,000"
"3293","鈊象","6,000","31,000","-25,000","0","0","0","6,000","31,000","-25,000","20,000","0","20,000","0","0","0","15,000","26,000","-11,000","15,000","26,000","-11,000","-16,000"
"3294","英濟","0","10,000","-10,000","0","0","0","0","10,000","-10,000","0","0","0","0","2,000","-2,000","0","0","0","0","2,000","-2,000","-12,000"
"3299","帛漢","27,000","7,000","20,000","0","0","0","27,000","7,000","20,000","0","0","0","0","0","0","0","5,000","-5,000","0","5,000","-5,000","15,000"
"3310","佳穎","3,000","6,000","-3,000","0","0","0","3,000","6,000","-3,000","0","0","0","0","0","0","0","0","0","0","0","0","-3,000"
"3313","斐成","153,000","31,000","122,000","0","0","0","153,000","31,000","122,000","0","0","0","25,000","0","25,000","0","0","0","25,000","0","25,000","147,000"
"3317","尼克森","0","34,000","-34,000","0","0","0","0","34,000","-34,000","0","0","0","0","0","0","0","0","0","0","0","0","-34,000"
"3322","建舜電","0","0","0","0","0","0","0","0","0","0","0","0","0","2,000","-2,000","0","0","0","0","2,000","-2,000","-2,000"
"3323","加百裕","20,000","34,000","-14,000","0","0","0","20,000","34,000","-14,000","0","0","0","0","0","0","1,000","12,000","-11,000","1,000","12,000","-11,000","-25,000"
"3324","雙鴻","85,000","6,000","79,000","0","0","0","85,000","6,000","79,000","0","493,000","-493,000","0","0","0","10,000","14,000","-4,000","10,000","14,000","-4,000","-418,000"
"3325","旭品","4,000","0","4,000","0","0","0","4,000","0","4,000","0","0","0","0","1,000","-1,000","0","0","0","0","1,000","-1,000","3,000"
"3339","泰谷","0","0","0","0","0","0","0","0","0","0","0","0","1,000","1,000","0","0","0","0","1,000","1,000","0","0"
"3354","律勝","41,000","9,000","32,000","0","0","0","41,000","9,000","32,000","0","0","0","0","0","0","0","0","0","0","0","0","32,000"
"3362","先進光","193,000","136,000","57,000","0","0","0","193,000","136,000","57,000","0","0","0","0","0","0","125,000","27,000","98,000","125,000","27,000","98,000","155,000"
"3374","精材","459,000","124,000","335,000","0","0","0","459,000","124,000","335,000","0","0","0","0","0","0","344,000","56,000","288,000","344,000","56,000","288,000","623,000"
"3388","崇越電","2,000","2,000","0","0","0","0","2,000","2,000","0","0","0","0","0","0","0","0","0","0","0","0","0","0"
"3390","旭軟","0","3,000","-3,000","0","0","0","0","3,000","-3,000","0","0","0","0","0","0","0","0","0","0","0","0","-3,000"
"3402","漢科","69,000","3,000","66,000","0","0","0","69,000","3,000","66,000","0","0","0","1,000","0","1,000","0","0","0","1,000","0","1,000","67,000"
"3426","台興","1,000","1,000","0","0","0","0","1,000","1,000","0","0","2,000","-2,000","0","0","0","0","0","0","0","0","0","-2,000"
"3428","光燿科","4,000","70,000","-66,000","0","0","0","4,000","70,000","-66,000","0","0","0","0","0","0","3,000","15,000","-12,000","3,000","15,000","-12,000","-78,000"
"3434","哲固","0","0","0","0","0","0","0","0","0","0","0","0","23,000","28,000","-5,000","0","0","0","23,000","28,000","-5,000","-5,000"
"3438","類比科","1,000","5,000","-4,000","0","0","0","1,000","5,000","-4,000","0","0","0","0","0","0","0","0","0","0","0","0","-4,000"
"3441","聯一光","2,000","6,000","-4,000","0","0","0","2,000","6,000","-4,000","0","0","0","3,000","3,000","0","0","0","0","3,000","3,000","0","-4,000"
"3444","利機","7,000","4,000","3,000","0","0","0","7,000","4,000","3,000","0","0","0","0","0","0","0","0","0","0","0","0","3,000"
"3452","益通","703,000","870,199","-167,199","0","0","0","703,000","870,199","-167,199","0","0","0","0","0","0","0","0","0","0","0","0","-167,199"
"3455","由田","13,000","2,000","11,000","0","0","0","13,000","2,000","11,000","0","0","0","0","0","0","5,000","0","5,000","5,000","0","5,000","16,000"
"3479","安勤","8,000","20,000","-12,000","0","0","0","8,000","20,000","-12,000","0","0","0","0","0","0","0","0","0","0","0","0","-12,000"
"3483","力致","0","1,000","-1,000","0","0","0","0","1,000","-1,000","0","0","0","0","13,000","-13,000","0","0","0","0","13,000","-13,000","-14,000"
"3484","崧騰","1,000","52,000","-51,000","0","0","0","1,000","52,000","-51,000","0","0","0","0","0","0","0","0","0","0","0","0","-51,000"
"3489","森寶","0","16,000","-16,000","0","0","0","0","16,000","-16,000","0","0","0","0","0","0","0","0","0","0","0","0","-16,000"
"3490","單井","3,000","0","3,000","0","0","0","3,000","0","3,000","0","0","0","0","0","0","0","0","0","0","0","0","3,000"
"3491","昇達科","28,000","137,000","-109,000","0","0","0","28,000","137,000","-109,000","96,000","0","96,000","0","10,309","-10,309","0","39,000","-39,000","0","49,309","-49,309","-62,309"
"3492","長盛","0","1,000","-1,000","0","0","0","0","1,000","-1,000","0","0","0","0","0","0","0","0","0","0","0","0","-1,000"
"3498","陽程","5,000","3,000","2,000","0","0","0","5,000","3,000","2,000","0","0","0","5,000","5,000","0","36,000","16,000","20,000","41,000","21,000","20,000","22,000"
"3508","位速","163,000","71,000","92,000","0","0","0","163,000","71,000","92,000","0","0","0","2,000","0","2,000","27,000","0","27,000","29,000","0","29,000","121,000"
"3511","矽瑪","0","57,000","-57,000","0","0","0","0","57,000","-57,000","0","0","0","3,000","3,000","0","0","0","0","3,000","3,000","0","-57,000"
"3512","能緹","0","10,000","-10,000","0","0","0","0","10,000","-10,000","0","0","0","0","0","0","0","0","0","0","0","0","-10,000"
"3520","振維","2,000","0","2,000","0","0","0","2,000","0","2,000","0","0","0","2,000","1,000","1,000","0","0","0","2,000","1,000","1,000","3,000"
"3521","鴻翊","0","10,000","-10,000","0","0","0","0","10,000","-10,000","0","0","0","6,000","6,000","0","0","0","0","6,000","6,000","0","-10,000"
"3522","宏森","6,000","0","6,000","0","0","0","6,000","0","6,000","0","0","0","0","0","0","0","0","0","0","0","0","6,000"
"3526","凡甲","11,000","49,000","-38,000","0","0","0","11,000","49,000","-38,000","0","0","0","0","15,000","-15,000","12,000","16,000","-4,000","12,000","31,000","-19,000","-57,000"
"3527","聚積","0","62,000","-62,000","0","0","0","0","62,000","-62,000","0","0","0","2,000","0","2,000","0","0","0","2,000","0","2,000","-60,000"
"3529","力旺","17,000","85,000","-68,000","0","0","0","17,000","85,000","-68,000","17,000","0","17,000","0","0","0","1,000","1,000","0","1,000","1,000","0","-51,000"
"3531","先益","0","0","0","0","0","0","0","0","0","0","0","0","1,000","1,000","0","0","0","0","1,000","1,000","0","0"
"3537","堡達","54,000","57,000","-3,000","0","0","0","54,000","57,000","-3,000","0","0","0","0","30,000","-30,000","0","0","0","0","30,000","-30,000","-33,000"
"3540","曜越","47,000","8,000","39,000","0","0","0","47,000","8,000","39,000","0","0","0","1,000","0","1,000","0","0","0","1,000","0","1,000","40,000"
"3541","西柏","9,000","4,000","5,000","0","0","0","9,000","4,000","5,000","0","0","0","0","3,000","-3,000","0","0","0","0","3,000","-3,000","2,000"
"3546","宇峻","76,000","0","76,000","0","0","0","76,000","0","76,000","0","0","0","2,000","0","2,000","56,000","23,000","33,000","58,000","23,000","35,000","111,000"
"3548","兆利","0","3,000","-3,000","0","0","0","0","3,000","-3,000","0","0","0","0","0","0","0","0","0","0","0","0","-3,000"
"3551","世禾","8,000","0","8,000","0","0","0","8,000","0","8,000","0","0","0","0","0","0","0","0","0","0","0","0","8,000"
"3552","同致","114,000","172,000","-58,000","0","0","0","114,000","172,000","-58,000","0","0","0","0","2,000","-2,000","3,000","12,000","-9,000","3,000","14,000","-11,000","-69,000"
"3556","禾瑞亞","9,000","5,000","4,000","0","0","0","9,000","5,000","4,000","0","0","0","0","0","0","0","0","0","0","0","0","4,000"
"3558","神準","28,000","22,000","6,000","0","0","0","28,000","22,000","6,000","0","0","0","0","0","0","0","0","0","0","0","0","6,000"
"3562","頂晶科","0","0","0","0","0","0","0","0","0","0","0","0","0","1,000","-1,000","0","0","0","0","1,000","-1,000","-1,000"
"3563","牧德","68,000","138,000","-70,000","0","0","0","68,000","138,000","-70,000","51,000","0","51,000","32,000","8,000","24,000","153,000","22,000","131,000","185,000","30,000","155,000","136,000"
"3567","逸昌","1,000","17,000","-16,000","0","0","0","1,000","17,000","-16,000","0","0","0","0","0","0","0","0","0","0","0","0","-16,000"
"3577","泓格","0","0","0","0","0","0","0","0","0","0","0","0","0","1,000","-1,000","0","0","0","0","1,000","-1,000","-1,000"
"3580","友威科","3,000","1,000","2,000","0","0","0","3,000","1,000","2,000","0","0","0","0","1,000","-1,000","0","0","0","0","1,000","-1,000","1,000"
"3581","博磊","0","1,000","-1,000","0","0","0","0","1,000","-1,000","0","0","0","0","0","0","0","0","0","0","0","0","-1,000"
"3587","閎康","10,000","4,000","6,000","0","0","0","10,000","4,000","6,000","0","0","0","0","0","0","0","2,000","-2,000","0","2,000","-2,000","4,000"
"3594","磐儀","0","0","0","0","0","0","0","0","0","0","0","0","0","3,000","-3,000","0","0","0","0","3,000","-3,000","-3,000"
"3611","鼎翰","8,000","5,000","3,000","0","0","0","8,000","5,000","3,000","63,000","0","63,000","1,000","1,000","0","0","0","0","1,000","1,000","0","66,000"
"3615","安可","0","0","0","0","0","0","0","0","0","0","0","0","0","6,000","-6,000","0","0","0","0","6,000","-6,000","-6,000"
"3624","光頡","211,000","373,000","-162,000","0","0","0","211,000","373,000","-162,000","0","0","0","0","161,000","-161,000","8,000","284,000","-276,000","8,000","445,000","-437,000","-599,000"
"3625","西勝","9,000","137,000","-128,000","0","0","0","9,000","137,000","-128,000","0","0","0","0","0","0","0","0","0","0","0","0","-128,000"
"3628","盈正","0","0","0","0","0","0","0","0","0","0","0","0","4,000","14,000","-10,000","0","0","0","4,000","14,000","-10,000","-10,000"
"3630","新鉅科","20,000","118,000","-98,000","0","0","0","20,000","118,000","-98,000","0","0","0","0","0","0","0","0","0","0","0","0","-98,000"
"3632","研勤","2,000","0","2,000","0","0","0","2,000","0","2,000","0","0","0","0","0","0","0","0","0","0","0","0","2,000"
"3642","駿熠電","0","0","0","0","0","0","0","0","0","0","0","0","0","4,000","-4,000","0","0","0","0","4,000","-4,000","-4,000"
"3646","艾恩特","0","0","0","0","0","0","0","0","0","0","0","0","25,000","25,000","0","0","0","0","25,000","25,000","0","0"
"3652","精聯","4,000","17,000","-13,000","0","0","0","4,000","17,000","-13,000","0","0","0","12,000","16,000","-4,000","0","0","0","12,000","16,000","-4,000","-17,000"
"3663","鑫科","0","0","0","0","0","0","0","0","0","0","0","0","4,000","0","4,000","0","0","0","4,000","0","4,000","4,000"
"3666","光耀","4,000","6,000","-2,000","0","0","0","4,000","6,000","-2,000","0","0","0","0","0","0","0","0","0","0","0","0","-2,000"
"3675","德微","10,000","2,000","8,000","0","0","0","10,000","2,000","8,000","0","0","0","0","0","0","0","0","0","0","0","0","8,000"
"3680","家登","1,000","2,000","-1,000","0","0","0","1,000","2,000","-1,000","0","0","0","0","13,000","-13,000","0","0","0","0","13,000","-13,000","-14,000"
"3685","元創精密","3,000","0","3,000","0","0","0","3,000","0","3,000","0","0","0","3,000","3,000","0","0","0","0","3,000","3,000","0","3,000"
"3687","歐買尬","0","0","0","0","0","0","0","0","0","0","0","0","0","2,000","-2,000","0","0","0","0","2,000","-2,000","-2,000"
"3689","湧德","9,000","11,000","-2,000","0","0","0","9,000","11,000","-2,000","0","0","0","0","2,000","-2,000","0","1,000","-1,000","0","3,000","-3,000","-5,000"
"3691","碩禾","31,000","25,000","6,000","0","0","0","31,000","25,000","6,000","0","0","0","1,000","0","1,000","1,000","10,000","-9,000","2,000","10,000","-8,000","-2,000"
"3707","漢磊","4,000","260,000","-256,000","0","0","0","4,000","260,000","-256,000","0","0","0","0","0","0","0","0","0","0","0","0","-256,000"
"3709","鑫聯大投控","34,000","1,000","33,000","0","0","0","34,000","1,000","33,000","0","0","0","0","0","0","0","0","0","0","0","0","33,000"
"4102","永日","0","0","0","0","0","0","0","0","0","0","0","0","0","1,000","-1,000","0","0","0","0","1,000","-1,000","-1,000"
"4103","百略","4,000","14,000","-10,000","0","0","0","4,000","14,000","-10,000","0","0","0","0","0","0","0","0","0","0","0","0","-10,000"
"4105","東洋","147,000","97,000","50,000","0","0","0","147,000","97,000","50,000","5,000","0","5,000","0","0","0","24,000","1,000","23,000","24,000","1,000","23,000","78,000"
"4107","邦特","148,000","400,000","-252,000","0","0","0","148,000","400,000","-252,000","137,000","0","137,000","162,000","31,000","131,000","184,000","53,000","131,000","346,000","84,000","262,000","147,000"
"4109","穆拉德加捷","6,000","1,000","5,000","0","0","0","6,000","1,000","5,000","0","0","0","0","0","0","0","0","0","0","0","0","5,000"
"4111","濟生","41,000","51,000","-10,000","0","0","0","41,000","51,000","-10,000","0","0","0","0","0","0","0","0","0","0","0","0","-10,000"
"4113","聯上","24,000","0","24,000","0","0","0","24,000","0","24,000","0","0","0","0","0","0","0","0","0","0","0","0","24,000"
"4114","健喬","261,000","71,000","190,000","0","0","0","261,000","71,000","190,000","0","0","0","0","0","0","0","0","0","0","0","0","190,000"
"4120","友華","17,000","1,000","16,000","0","0","0","17,000","1,000","16,000","0","0","0","0","0","0","0","2,000","-2,000","0","2,000","-2,000","14,000"
"4121","優盛","24,000","10,000","14,000","0","0","0","24,000","10,000","14,000","0","0","0","0","0","0","0","0","0","0","0","0","14,000"
"4123","晟德","228,000","735,089","-507,089","0","0","0","228,000","735,089","-507,089","0","0","0","42,000","365,000","-323,000","311,000","6,000","305,000","353,000","371,000","-18,000","-525,089"
"4126","太醫","0","1,000","-1,000","0","0","0","0","1,000","-1,000","0","0","0","0","0","0","0","0","0","0","0","0","-1,000"
"4128","中天","16,000","3,000","13,000","0","0","0","16,000","3,000","13,000","0","0","0","0","0","0","94,000","97,000","-3,000","94,000","97,000","-3,000","10,000"
"4129","聯合","0","33,000","-33,000","0","0","0","0","33,000","-33,000","0","0","0","7,000","60,000","-53,000","2,000","30,000","-28,000","9,000","90,000","-81,000","-114,000"
"4130","健亞","18,000","70,000","-52,000","0","0","0","18,000","70,000","-52,000","0","0","0","0","0","0","54,000","18,000","36,000","54,000","18,000","36,000","-16,000"
"4138","曜亞","15,000","1,000","14,000","0","0","0","15,000","1,000","14,000","0","0","0","0","12,000","-12,000","0","0","0","0","12,000","-12,000","2,000"
"4139","馬光-KY","2,000","74,000","-72,000","0","0","0","2,000","74,000","-72,000","0","0","0","0","0","0","0","0","0","0","0","0","-72,000"
"4147","中裕","651,000","399,000","252,000","0","0","0","651,000","399,000","252,000","188,000","0","188,000","67,000","34,000","33,000","0","0","0","67,000","34,000","33,000","473,000"
"4152","台微體","3,000","6,000","-3,000","0","0","0","3,000","6,000","-3,000","0","0","0","0","0","0","0","0","0","0","0","0","-3,000"
"4153","鈺緯","3,000","5,000","-2,000","0","0","0","3,000","5,000","-2,000","0","0","0","0","0","0","0","0","0","0","0","0","-2,000"
"4154","康樂-KY","0","0","0","0","0","0","0","0","0","0","0","0","1,000","0","1,000","0","0","0","1,000","0","1,000","1,000"
"4157","太景*-KY","29,000","298,900","-269,900","0","0","0","29,000","298,900","-269,900","0","0","0","0","0","0","35,000","0","35,000","35,000","0","35,000","-234,900"
"4161","聿新科","0","0","0","0","0","0","0","0","0","0","0","0","3,000","0","3,000","0","0","0","3,000","0","3,000","3,000"
"4162","智擎","69,000","78,000","-9,000","0","0","0","69,000","78,000","-9,000","0","0","0","0","0","0","43,000","3,000","40,000","43,000","3,000","40,000","31,000"
"4163","鐿鈦","8,000","0","8,000","0","0","0","8,000","0","8,000","0","0","0","0","0","0","1,000","0","1,000","1,000","0","1,000","9,000"
"4167","展旺","1,000","43,000","-42,000","0","0","0","1,000","43,000","-42,000","0","0","0","0","0","0","2,000","5,000","-3,000","2,000","5,000","-3,000","-45,000"
"4168","醣聯","7,000","6,000","1,000","0","0","0","7,000","6,000","1,000","0","0","0","3,000","0","3,000","0","0","0","3,000","0","3,000","4,000"
"4173","久裕","0","0","0","0","0","0","0","0","0","0","0","0","7,000","1,000","6,000","0","0","0","7,000","1,000","6,000","6,000"
"4174","浩鼎","91,025","170,000","-78,975","0","0","0","91,025","170,000","-78,975","0","49,000","-49,000","0","0","0","0","0","0","0","0","0","-127,975"
"4180","安成藥","16,000","100,000","-84,000","0","0","0","16,000","100,000","-84,000","0","0","0","0","0","0","0","0","0","0","0","0","-84,000"
"4188","安克","13,000","0","13,000","0","0","0","13,000","0","13,000","0","0","0","0","0","0","0","0","0","0","0","0","13,000"
"4198","環瑞醫","0","0","0","0","0","0","0","0","0","0","0","0","0","1,000","-1,000","0","0","0","0","1,000","-1,000","-1,000"
"4207","環泰","0","9,000","-9,000","0","0","0","0","9,000","-9,000","0","0","0","0","0","0","0","0","0","0","0","0","-9,000"
"4303","信立","3,000","1,000","2,000","0","0","0","3,000","1,000","2,000","0","0","0","0","0","0","0","0","0","0","0","0","2,000"
"4401","東隆興","6,000","0","6,000","0","0","0","6,000","0","6,000","0","5,000","-5,000","0","0","0","0","0","0","0","0","0","1,000"
"4402","福大","0","0","0","0","0","0","0","0","0","0","0","0","0","2,000","-2,000","0","0","0","0","2,000","-2,000","-2,000"
"4417","金洲","11,000","4,000","7,000","0","0","0","11,000","4,000","7,000","0","0","0","0","0","0","0","0","0","0","0","0","7,000"
"4432","銘旺實","0","0","0","0","0","0","0","0","0","0","0","0","1,000","1,000","0","0","0","0","1,000","1,000","0","0"
"4502","健信","1,000","0","1,000","0","0","0","1,000","0","1,000","0","0","0","0","1,000","-1,000","0","0","0","0","1,000","-1,000","0"
"4503","金雨","0","0","0","0","0","0","0","0","0","0","0","0","1,000","1,000","0","0","0","0","1,000","1,000","0","0"
"4506","崇友","69,000","80,000","-11,000","0","0","0","69,000","80,000","-11,000","0","0","0","4,000","3,000","1,000","0","0","0","4,000","3,000","1,000","-10,000"
"4510","高鋒","0","4,000","-4,000","0","0","0","0","4,000","-4,000","0","0","0","2,000","2,000","0","0","0","0","2,000","2,000","0","-4,000"
"4513","福裕","0","0","0","0","0","0","0","0","0","0","0","0","0","1,000","-1,000","0","0","0","0","1,000","-1,000","-1,000"
"4528","江興鍛","46,000","44,000","2,000","0","0","0","46,000","44,000","2,000","126,000","0","126,000","210,000","3,000","207,000","22,000","0","22,000","232,000","3,000","229,000","357,000"
"4529","淳紳","1,000","0","1,000","0","0","0","1,000","0","1,000","0","0","0","0","0","0","0","0","0","0","0","0","1,000"
"4533","協易機","0","10,000","-10,000","0","0","0","0","10,000","-10,000","0","0","0","0","0","0","0","0","0","0","0","0","-10,000"
"4534","慶騰","7,000","2,000","5,000","0","0","0","7,000","2,000","5,000","0","0","0","0","7,000","-7,000","0","0","0","0","7,000","-7,000","-2,000"
"4541","晟田","27,000","0","27,000","0","0","0","27,000","0","27,000","0","0","0","15,000","0","15,000","0","0","0","15,000","0","15,000","42,000"
"4549","桓達","2,000","0","2,000","0","0","0","2,000","0","2,000","0","0","0","5,000","0","5,000","0","6,000","-6,000","5,000","6,000","-1,000","1,000"
"4554","橙的","0","2,000","-2,000","0","0","0","0","2,000","-2,000","0","0","0","0","0","0","0","0","0","0","0","0","-2,000"
"4609","唐鋒","0","0","0","0","0","0","0","0","0","0","0","0","2,000","2,000","0","0","0","0","2,000","2,000","0","0"
"4702","中美實","79,000","0","79,000","0","0","0","79,000","0","79,000","0","0","0","0","0","0","0","0","0","0","0","0","79,000"
"4707","磐亞","0","119,000","-119,000","0","0","0","0","119,000","-119,000","0","0","0","243,000","0","243,000","0","0","0","243,000","0","243,000","124,000"
"4712","南璋","1,000","3,000","-2,000","0","0","0","1,000","3,000","-2,000","0","0","0","0","0","0","0","0","0","0","0","0","-2,000"
"4714","永捷","40,000","4,000","36,000","0","0","0","40,000","4,000","36,000","0","0","0","0","2,000","-2,000","0","0","0","0","2,000","-2,000","34,000"
"4716","大立","0","0","0","0","0","0","0","0","0","0","0","0","2,000","0","2,000","0","0","0","2,000","0","2,000","2,000"
"4721","美琪瑪","65,000","13,000","52,000","0","0","0","65,000","13,000","52,000","0","0","0","0","1,000","-1,000","70,000","47,000","23,000","70,000","48,000","22,000","74,000"
"4726","永昕","1,000","0","1,000","0","0","0","1,000","0","1,000","0","0","0","0","0","0","0","0","0","0","0","0","1,000"
"4728","雙美","21,000","29,000","-8,000","0","0","0","21,000","29,000","-8,000","0","0","0","1,000","1,000","0","0","0","0","1,000","1,000","0","-8,000"
"4735","豪展","2,000","11,000","-9,000","0","0","0","2,000","11,000","-9,000","0","0","0","0","0","0","0","0","0","0","0","0","-9,000"
"4736","泰博","85,000","137,000","-52,000","0","0","0","85,000","137,000","-52,000","0","66,000","-66,000","37,000","35,000","2,000","35,000","19,000","16,000","72,000","54,000","18,000","-100,000"
"4743","合一","23,000","25,000","-2,000","0","0","0","23,000","25,000","-2,000","0","0","0","0","0","0","0","0","0","0","0","0","-2,000"
"4745","合富-KY","12,000","69,000","-57,000","0","0","0","12,000","69,000","-57,000","0","0","0","0","0","0","0","0","0","0","0","0","-57,000"
"4803","VHQ-KY","740,713","217,000","523,713","0","0","0","740,713","217,000","523,713","190,000","0","190,000","11,000","90,000","-79,000","115,000","0","115,000","126,000","90,000","36,000","749,713"
"4806","昇華","0","25,000","-25,000","0","0","0","0","25,000","-25,000","0","0","0","0","0","0","0","0","0","0","0","0","-25,000"
"4903","聯光通","819,000","225,000","594,000","0","0","0","819,000","225,000","594,000","0","0","0","0","2,000","-2,000","0","0","0","0","2,000","-2,000","592,000"
"4905","台聯電","0","0","0","0","0","0","0","0","0","0","0","0","2,000","0","2,000","0","0","0","2,000","0","2,000","2,000"
"4907","富宇","1,000","0","1,000","0","0","0","1,000","0","1,000","0","0","0","0","0","0","6,000","0","6,000","6,000","0","6,000","7,000"
"4908","前鼎","1,000","11,000","-10,000","0","0","0","1,000","11,000","-10,000","0","0","0","5,000","3,000","2,000","0","0","0","5,000","3,000","2,000","-8,000"
"4909","新復興","1,000","0","1,000","0","0","0","1,000","0","1,000","0","0","0","0","0","0","0","0","0","0","0","0","1,000"
"4933","友輝","8,000","1,000","7,000","0","0","0","8,000","1,000","7,000","0","0","0","0","1,000","-1,000","0","0","0","0","1,000","-1,000","6,000"
"4939","亞電","2,000","42,000","-40,000","0","0","0","2,000","42,000","-40,000","0","0","0","0","0","0","0","0","0","0","0","0","-40,000"
"4944","兆遠","14,000","0","14,000","0","0","0","14,000","0","14,000","0","0","0","0","0","0","0","0","0","0","0","0","14,000"
"4946","辣椒","2,000","0","2,000","0","0","0","2,000","0","2,000","0","0","0","0","0","0","0","0","0","0","0","0","2,000"
"4947","昂寶-KY","54,000","154,000","-100,000","0","0","0","54,000","154,000","-100,000","17,000","30,000","-13,000","0","4,000","-4,000","95,000","8,000","87,000","95,000","12,000","83,000","-30,000"
"4953","緯軟","4,000","8,000","-4,000","0","0","0","4,000","8,000","-4,000","0","0","0","0","0","0","0","0","0","0","0","0","-4,000"
"4965","商店街","0","0","0","0","0","0","0","0","0","0","0","0","0","1,000","-1,000","0","0","0","0","1,000","-1,000","-1,000"
"4966","譜瑞-KY","139,000","367,000","-228,000","0","0","0","139,000","367,000","-228,000","13,000","153,000","-140,000","14,000","0","14,000","1,000","0","1,000","15,000","0","15,000","-353,000"
"4971","IET-KY","21,000","8,000","13,000","0","0","0","21,000","8,000","13,000","0","0","0","35,000","0","35,000","1,000","40,000","-39,000","36,000","40,000","-4,000","9,000"
"4972","湯石照明","9,000","126,000","-117,000","0","0","0","9,000","126,000","-117,000","0","0","0","0","0","0","0","0","0","0","0","0","-117,000"
"4973","廣穎","2,000","8,000","-6,000","0","0","0","2,000","8,000","-6,000","0","0","0","0","2,000","-2,000","0","0","0","0","2,000","-2,000","-8,000"
"4974","亞泰","0","197,000","-197,000","0","0","0","0","197,000","-197,000","0","0","0","1,000","0","1,000","0","13,000","-13,000","1,000","13,000","-12,000","-209,000"
"4979","華星光","4,000","27,000","-23,000","0","0","0","4,000","27,000","-23,000","0","0","0","0","3,000","-3,000","1,000","0","1,000","1,000","3,000","-2,000","-25,000"
"4987","科誠","0","0","0","0","0","0","0","0","0","0","8,000","-8,000","0","0","0","0","0","0","0","0","0","-8,000"
"4991","環宇-KY","88,000","34,000","54,000","0","0","0","88,000","34,000","54,000","0","23,000","-23,000","0","0","0","13,000","15,000","-2,000","13,000","15,000","-2,000","29,000"
"5009","榮剛","238,000","276,000","-38,000","0","0","0","238,000","276,000","-38,000","0","0","0","0","0","0","0","67,000","-67,000","0","67,000","-67,000","-105,000"
"5014","建錩","39,000","6,000","33,000","0","0","0","39,000","6,000","33,000","0","0","0","0","0","0","0","0","0","0","0","0","33,000"
"5015","華祺","6,000","0","6,000","0","0","0","6,000","0","6,000","0","0","0","0","0","0","0","0","0","0","0","0","6,000"
"5016","松和","1,000","0","1,000","0","0","0","1,000","0","1,000","0","0","0","0","0","0","0","0","0","0","0","0","1,000"
"5201","凱衛","0","16,000","-16,000","0","0","0","0","16,000","-16,000","0","0","0","0","0","0","0","0","0","0","0","0","-16,000"
"5202","力新","0","0","0","0","0","0","0","0","0","0","0","0","1,000","0","1,000","0","0","0","1,000","0","1,000","1,000"
"5206","坤悅","0","0","0","0","0","0","0","0","0","0","0","0","5,000","0","5,000","0","0","0","5,000","0","5,000","5,000"
"5211","蒙恬","1,000","0","1,000","0","0","0","1,000","0","1,000","0","0","0","2,000","0","2,000","0","0","0","2,000","0","2,000","3,000"
"5213","亞昕","35,000","0","35,000","0","0","0","35,000","0","35,000","0","0","0","0","10,000","-10,000","0","0","0","0","10,000","-10,000","25,000"
"5220","萬達光電","0","2,000","-2,000","0","0","0","0","2,000","-2,000","0","0","0","0","0","0","0","0","0","0","0","0","-2,000"
"5227","立凱-KY","50,000","2,000","48,000","0","0","0","50,000","2,000","48,000","0","0","0","0","0","0","0","0","0","0","0","0","48,000"
"5230","雷笛克光學","0","17,000","-17,000","0","0","0","0","17,000","-17,000","0","0","0","1,000","0","1,000","0","0","0","1,000","0","1,000","-16,000"
"5245","智晶","7,000","3,000","4,000","0","0","0","7,000","3,000","4,000","0","0","0","0","0","0","0","479","-479","0","479","-479","3,521"
"5255","美桀","3,000","33,000","-30,000","0","0","0","3,000","33,000","-30,000","0","0","0","0","0","0","0","0","0","0","0","0","-30,000"
"5263","智崴","16,000","21,000","-5,000","0","0","0","16,000","21,000","-5,000","0","0","0","35,000","0","35,000","0","1,000","-1,000","35,000","1,000","34,000","29,000"
"5272","笙科","0","0","0","0","0","0","0","0","0","0","0","0","3,000","0","3,000","0","0","0","3,000","0","3,000","3,000"
"5274","信驊","71,000","22,000","49,000","0","0","0","71,000","22,000","49,000","2,000","16,023","-14,023","0","0","0","9,000","2,000","7,000","9,000","2,000","7,000","41,977"
"5278","尚凡","3,000","0","3,000","0","0","0","3,000","0","3,000","0","0","0","1,000","2,000","-1,000","0","0","0","1,000","2,000","-1,000","2,000"
"5281","大峽谷-KY","25,000","187,000","-162,000","0","0","0","25,000","187,000","-162,000","0","0","0","0","0","0","0","0","0","0","0","0","-162,000"
"5287","數字","41,000","7,000","34,000","0","0","0","41,000","7,000","34,000","0","0","0","0","1,000","-1,000","3,000","2,000","1,000","3,000","3,000","0","34,000"
"5289","宜鼎","59,000","137,000","-78,000","0","0","0","59,000","137,000","-78,000","12,000","0","12,000","0","6,000","-6,000","175,000","41,000","134,000","175,000","47,000","128,000","62,000"
"5291","邑昇","0","0","0","0","0","0","0","0","0","0","0","0","1,000","0","1,000","0","0","0","1,000","0","1,000","1,000"
"5299","杰力","14,000","1,000","13,000","0","0","0","14,000","1,000","13,000","15,000","0","15,000","0","0","0","8,000","4,000","4,000","8,000","4,000","4,000","32,000"
"5301","寶得利","0","4,000","-4,000","0","0","0","0","4,000","-4,000","0","0","0","3,000","0","3,000","0","0","0","3,000","0","3,000","-1,000"
"5302","太欣","15,000","29,000","-14,000","0","0","0","15,000","29,000","-14,000","0","0","0","0","0","0","0","0","0","0","0","0","-14,000"
"5306","桂盟","16,000","1,000","15,000","0","0","0","16,000","1,000","15,000","0","0","0","0","0","0","0","1,000","-1,000","0","1,000","-1,000","14,000"
"5309","系統電","2,000","0","2,000","0","0","0","2,000","0","2,000","0","0","0","0","0","0","0","0","0","0","0","0","2,000"
"5310","天剛","0","0","0","0","0","0","0","0","0","0","0","0","7,000","0","7,000","0","0","0","7,000","0","7,000","7,000"
"5312","寶島科","0","15,000","-15,000","0","0","0","0","15,000","-15,000","0","0","0","0","0","0","0","0","0","0","0","0","-15,000"
"5315","光聯","30,000","14,000","16,000","0","0","0","30,000","14,000","16,000","0","0","0","0","0","0","0","0","0","0","0","0","16,000"
"5317","凱美","1,000","405,000","-404,000","0","0","0","1,000","405,000","-404,000","0","0","0","0","0","0","21,000","301,000","-280,000","21,000","301,000","-280,000","-684,000"
"5324","士開","0","0","0","0","0","0","0","0","0","0","0","0","0","3,000","-3,000","0","0","0","0","3,000","-3,000","-3,000"
"5328","華容","0","9,000","-9,000","0","0","0","0","9,000","-9,000","0","0","0","0","0","0","0","0","0","0","0","0","-9,000"
"5340","建榮","73,000","0","73,000","0","0","0","73,000","0","73,000","0","0","0","0","0","0","0","0","0","0","0","0","73,000"
"5344","立衛","0","0","0","0","0","0","0","0","0","0","0","0","2,000","13,000","-11,000","0","0","0","2,000","13,000","-11,000","-11,000"
"5347","世界","980,000","1,291,000","-311,000","0","0","0","980,000","1,291,000","-311,000","0","344","-344","8,000","46,000","-38,000","156,000","87,000","69,000","164,000","133,000","31,000","-280,344"
"5349","先豐","56,000","416,000","-360,000","0","0","0","56,000","416,000","-360,000","0","0","0","2,000","2,000","0","3,000","10,000","-7,000","5,000","12,000","-7,000","-367,000"
"5351","鈺創","44,000","1,000","43,000","0","0","0","44,000","1,000","43,000","0","0","0","0","0","0","0","0","0","0","0","0","43,000"
"5353","台林","4,000","0","4,000","0","0","0","4,000","0","4,000","0","0","0","12,000","0","12,000","0","0","0","12,000","0","12,000","16,000"
"5356","協益","46,000","60,000","-14,000","0","0","0","46,000","60,000","-14,000","0","0","0","0","0","0","0","0","0","0","0","0","-14,000"
"5371","中光電","240,000","661,000","-421,000","0","0","0","240,000","661,000","-421,000","0","0","0","0","0","0","0","21,000","-21,000","0","21,000","-21,000","-442,000"
"5386","青雲","0","196,000","-196,000","0","0","0","0","196,000","-196,000","0","0","0","1,000","3,000","-2,000","0","0","0","1,000","3,000","-2,000","-198,000"
"5392","應華","51,000","28,000","23,000","0","0","0","51,000","28,000","23,000","0","0","0","0","0","0","1,000","0","1,000","1,000","0","1,000","24,000"
"5398","慕康生醫","2,000","2,000","0","0","0","0","2,000","2,000","0","0","0","0","2,000","0","2,000","0","0","0","2,000","0","2,000","2,000"
"5410","國眾","7,000","47,000","-40,000","0","0","0","7,000","47,000","-40,000","0","0","0","0","0","0","0","0","0","0","0","0","-40,000"
"5425","台半","36,000","382,000","-346,000","0","0","0","36,000","382,000","-346,000","128,000","0","128,000","0","170,000","-170,000","10,000","34,000","-24,000","10,000","204,000","-194,000","-412,000"
"5426","振發","33,000","0","33,000","0","0","0","33,000","0","33,000","0","0","0","18,000","0","18,000","0","0","0","18,000","0","18,000","51,000"
"5438","東友","0","30,000","-30,000","0","0","0","0","30,000","-30,000","0","0","0","0","0","0","0","0","0","0","0","0","-30,000"
"5439","高技","523,000","164,000","359,000","0","0","0","523,000","164,000","359,000","150,000","0","150,000","0","0","0","56,000","0","56,000","56,000","0","56,000","565,000"
"5443","均豪","34,000","75,000","-41,000","0","0","0","34,000","75,000","-41,000","0","0","0","0","0","0","0","1,000","-1,000","0","1,000","-1,000","-42,000"
"5450","寶聯通","0","0","0","0","0","0","0","0","0","0","0","0","13,000","0","13,000","0","0","0","13,000","0","13,000","13,000"
"5457","宣德","13,000","50,000","-37,000","0","0","0","13,000","50,000","-37,000","0","0","0","5,000","0","5,000","5,000","3,000","2,000","10,000","3,000","7,000","-30,000"
"5465","富驊","1,000","35,000","-34,000","0","0","0","1,000","35,000","-34,000","0","0","0","3,000","0","3,000","0","0","0","3,000","0","3,000","-31,000"
"5474","聰泰","4,000","0","4,000","0","0","0","4,000","0","4,000","0","0","0","0","0","0","0","0","0","0","0","0","4,000"
"5475","德宏","13,000","1,000","12,000","0","0","0","13,000","1,000","12,000","0","0","0","0","0","0","0","0","0","0","0","0","12,000"
"5478","智冠","70,000","93,000","-23,000","0","0","0","70,000","93,000","-23,000","0","0","0","9,000","7,000","2,000","92,000","53,000","39,000","101,000","60,000","41,000","18,000"
"5481","華韡","0","9,000","-9,000","0","0","0","0","9,000","-9,000","0","0","0","9,000","0","9,000","0","0","0","9,000","0","9,000","0"
"5483","中美晶","1,926,000","3,326,000","-1,400,000","0","0","0","1,926,000","3,326,000","-1,400,000","0","250,000","-250,000","239,000","92,000","147,000","113,000","90,000","23,000","352,000","182,000","170,000","-1,480,000"
"5487","通泰","0","0","0","0","0","0","0","0","0","0","0","0","0","1,000","-1,000","0","0","0","0","1,000","-1,000","-1,000"
"5488","松普","0","0","0","0","0","0","0","0","0","0","0","0","0","8,000","-8,000","0","0","0","0","8,000","-8,000","-8,000"
"5489","彩富","2,000","1,000","1,000","0","0","0","2,000","1,000","1,000","0","0","0","0","0","0","0","0","0","0","0","0","1,000"
"5490","同亨","11,000","14,000","-3,000","0","0","0","11,000","14,000","-3,000","0","70,000","-70,000","0","0","0","0","0","0","0","0","0","-73,000"
"5498","凱崴","0","12,000","-12,000","0","0","0","0","12,000","-12,000","0","0","0","0","0","0","0","0","0","0","0","0","-12,000"
"5508","永信建","4,000","34,000","-30,000","0","0","0","4,000","34,000","-30,000","0","0","0","0","0","0","0","0","0","0","0","0","-30,000"
"5512","力麒","23,000","206,000","-183,000","0","0","0","23,000","206,000","-183,000","0","0","0","0","0","0","182,000","85,000","97,000","182,000","85,000","97,000","-86,000"
"5516","雙喜","0","0","0","0","0","0","0","0","0","0","0","0","0","2,000","-2,000","0","0","0","0","2,000","-2,000","-2,000"
"5530","龍巖","136,000","204,000","-68,000","0","0","0","136,000","204,000","-68,000","0","0","0","0","0","0","0","0","0","0","0","0","-68,000"
"5536","聖暉","46,000","33,000","13,000","0","0","0","46,000","33,000","13,000","0","0","0","0","0","0","58,000","9,000","49,000","58,000","9,000","49,000","62,000"
"5609","中菲行","3,000","0","3,000","0","0","0","3,000","0","3,000","0","0","0","0","0","0","0","0","0","0","0","0","3,000"
"5820","日盛金","317,000","279,000","38,000","0","0","0","317,000","279,000","38,000","0","0","0","0","0","0","0","0","0","0","0","0","38,000"
"5864","致和證","7,000","1,000","6,000","0","0","0","7,000","1,000","6,000","0","0","0","0","0","0","0","0","0","0","0","0","6,000"
"5903","全家","0","18,000","-18,000","0","0","0","0","18,000","-18,000","0","0","0","0","0","0","0","0","0","0","0","0","-18,000"
"5904","寶雅","15,000","22,000","-7,000","0","0","0","15,000","22,000","-7,000","0","0","0","0","1,000","-1,000","0","0","0","0","1,000","-1,000","-8,000"
"5905","南仁湖","26,000","0","26,000","0","0","0","26,000","0","26,000","0","0","0","0","0","0","0","0","0","0","0","0","26,000"
"6015","宏遠證","29,000","0","29,000","0","0","0","29,000","0","29,000","0","0","0","0","0","0","0","0","0","0","0","0","29,000"
"6016","康和證","60,000","13,000","47,000","0","0","0","60,000","13,000","47,000","0","0","0","0","0","0","0","0","0","0","0","0","47,000"
"6021","大慶證","34,000","0","34,000","0","0","0","34,000","0","34,000","0","0","0","0","0","0","0","0","0","0","0","0","34,000"
"6023","元大期","134,000","4,000","130,000","0","0","0","134,000","4,000","130,000","0","0","0","0","0","0","0","0","0","0","0","0","130,000"
"6026","福邦證","79,000","0","79,000","0","0","0","79,000","0","79,000","0","0","0","0","0","0","0","0","0","0","0","0","79,000"
"6101","寬魚國際","12,000","3,000","9,000","0","0","0","12,000","3,000","9,000","0","0","0","5,000","0","5,000","0","0","0","5,000","0","5,000","14,000"
"6104","創惟","16,000","0","16,000","0","0","0","16,000","0","16,000","0","0","0","0","3,000","-3,000","0","0","0","0","3,000","-3,000","13,000"
"6111","大宇資","25,000","28,000","-3,000","0","0","0","25,000","28,000","-3,000","0","0","0","0","1,000","-1,000","4,000","9,000","-5,000","4,000","10,000","-6,000","-9,000"
"6118","建達","0","0","0","0","0","0","0","0","0","0","0","0","25,000","0","25,000","0","0","0","25,000","0","25,000","25,000"
"6121","新普","23,000","71,000","-48,000","0","0","0","23,000","71,000","-48,000","0","0","0","0","0","0","14,000","1,000","13,000","14,000","1,000","13,000","-35,000"
"6123","上奇","90,000","32,000","58,000","0","0","0","90,000","32,000","58,000","84,000","0","84,000","4,000","16,000","-12,000","0","0","0","4,000","16,000","-12,000","130,000"
"6125","廣運","11,000","0","11,000","0","0","0","11,000","0","11,000","0","0","0","0","0","0","0","0","0","0","0","0","11,000"
"6126","信音","1,000","4,000","-3,000","0","0","0","1,000","4,000","-3,000","0","0","0","0","0","0","0","0","0","0","0","0","-3,000"
"6127","九豪","22,000","552,000","-530,000","0","0","0","22,000","552,000","-530,000","0","0","0","0","0","0","0","0","0","0","0","0","-530,000"
"6129","普誠","8,000","2,000","6,000","0","0","0","8,000","2,000","6,000","0","0","0","0","0","0","0","0","0","0","0","0","6,000"
"6130","星寶國際","0","0","0","0","0","0","0","0","0","0","0","0","1,000","1,000","0","0","0","0","1,000","1,000","0","0"
"6134","萬旭","0","0","0","0","0","0","0","0","0","0","0","0","1,000","2,000","-1,000","0","0","0","1,000","2,000","-1,000","-1,000"
"6138","茂達","243,000","110,000","133,000","0","0","0","243,000","110,000","133,000","0","0","0","0","0","0","10,000","15,000","-5,000","10,000","15,000","-5,000","128,000"
"6140","訊達","0","0","0","0","0","0","0","0","0","0","0","0","0","2,000","-2,000","0","0","0","0","2,000","-2,000","-2,000"
"6143","振曜","50,000","23,000","27,000","0","0","0","50,000","23,000","27,000","0","0","0","0","0","0","0","0","0","0","0","0","27,000"
"6146","耕興","51,000","11,000","40,000","0","0","0","51,000","11,000","40,000","0","0","0","0","0","0","0","0","0","0","0","0","40,000"
"6147","頎邦","761,000","565,000","196,000","0","0","0","761,000","565,000","196,000","0","413,000","-413,000","3,000","133,000","-130,000","113,000","26,000","87,000","116,000","159,000","-43,000","-260,000"
"6148","驊宏資","0","8,000","-8,000","0","0","0","0","8,000","-8,000","0","0","0","0","0","0","0","0","0","0","0","0","-8,000"
"6150","撼訊","60,000","30,000","30,000","0","0","0","60,000","30,000","30,000","0","0","0","2,000","1,000","1,000","0","0","0","2,000","1,000","1,000","31,000"
"6151","晉倫","5,000","0","5,000","0","0","0","5,000","0","5,000","0","0","0","0","0","0","0","0","0","0","0","0","5,000"
"6156","松上","0","6,000","-6,000","0","0","0","0","6,000","-6,000","0","0","0","0","0","0","0","0","0","0","0","0","-6,000"
"6158","禾昌","0","1,000","-1,000","0","0","0","0","1,000","-1,000","0","0","0","0","0","0","0","0","0","0","0","0","-1,000"
"6160","欣技","0","0","0","0","0","0","0","0","0","0","0","0","0","3,000","-3,000","0","0","0","0","3,000","-3,000","-3,000"
"6161","捷波","32,000","72,000","-40,000","0","0","0","32,000","72,000","-40,000","0","0","0","0","0","0","0","0","0","0","0","0","-40,000"
"6163","華電網","3,000","0","3,000","0","0","0","3,000","0","3,000","0","0","0","0","0","0","0","0","0","0","0","0","3,000"
"6167","久正","0","0","0","0","0","0","0","0","0","0","0","0","0","2,000","-2,000","0","0","0","0","2,000","-2,000","-2,000"
"6169","昱泉","2,000","0","2,000","0","0","0","2,000","0","2,000","0","0","0","0","0","0","0","0","0","0","0","0","2,000"
"6170","統振","8,000","2,000","6,000","0","0","0","8,000","2,000","6,000","0","0","0","3,000","0","3,000","0","0","0","3,000","0","3,000","9,000"
"6171","亞銳士","0","12,000","-12,000","0","0","0","0","12,000","-12,000","0","0","0","11,000","11,000","0","0","0","0","11,000","11,000","0","-12,000"
"6173","信昌電","23,000","439,000","-416,000","0","0","0","23,000","439,000","-416,000","110,000","0","110,000","95,024","8,000","87,024","43,000","977,000","-934,000","138,024","985,000","-846,976","-1,152,976"
"6175","立敦","101,000","867,000","-766,000","0","0","0","101,000","867,000","-766,000","0","0","0","20,000","0","20,000","2,000","107,000","-105,000","22,000","107,000","-85,000","-851,000"
"6179","亞通","0","0","0","0","0","0","0","0","0","0","0","0","4,000","4,000","0","0","0","0","4,000","4,000","0","0"
"6180","橘子","493,000","243,000","250,000","0","0","0","493,000","243,000","250,000","0","0","0","50,000","3,000","47,000","0","0","0","50,000","3,000","47,000","297,000"
"6182","合晶","631,000","1,362,000","-731,000","0","0","0","631,000","1,362,000","-731,000","44,000","0","44,000","63,000","110,000","-47,000","1,828,000","378,000","1,450,000","1,891,000","488,000","1,403,000","716,000"
"6186","新潤","754,000","0","754,000","0","0","0","754,000","0","754,000","0","0","0","0","285,000","-285,000","0","0","0","0","285,000","-285,000","469,000"
"6187","萬潤","30,000","3,000","27,000","0","0","0","30,000","3,000","27,000","0","0","0","0","0","0","4,000","0","4,000","4,000","0","4,000","31,000"
"6188","廣明","51,000","7,000","44,000","0","0","0","51,000","7,000","44,000","0","0","0","0","0","0","0","4,000","-4,000","0","4,000","-4,000","40,000"
"6190","萬泰科","3,000","9,000","-6,000","0","0","0","3,000","9,000","-6,000","0","0","0","0","0","0","0","0","0","0","0","0","-6,000"
"6195","詩肯","0","1,000","-1,000","0","0","0","0","1,000","-1,000","0","0","0","0","0","0","0","0","0","0","0","0","-1,000"
"006201","元大富櫃50","0","0","0","0","0","0","0","0","0","0","0","0","0","0","0","0","25,000","-25,000","0","25,000","-25,000","-25,000"
"6203","海韻電","1,000","6,000","-5,000","0","0","0","1,000","6,000","-5,000","0","0","0","3,000","10,000","-7,000","1,000","0","1,000","4,000","10,000","-6,000","-11,000"
"6207","雷科","6,000","13,000","-7,000","0","0","0","6,000","13,000","-7,000","0","0","0","0","0","0","0","0","0","0","0","0","-7,000"
"6208","日揚","17,000","8,000","9,000","0","0","0","17,000","8,000","9,000","0","0","0","0","0","0","0","0","0","0","0","0","9,000"
"6210","慶生","0","1,000","-1,000","0","0","0","0","1,000","-1,000","0","0","0","0","0","0","0","0","0","0","0","0","-1,000"
"6217","中探針","0","1,000","-1,000","0","0","0","0","1,000","-1,000","0","0","0","0","0","0","0","0","0","0","0","0","-1,000"
"6220","岳豐","38,000","33,000","5,000","0","0","0","38,000","33,000","5,000","0","0","0","0","3,000","-3,000","24,000","16,000","8,000","24,000","19,000","5,000","10,000"
"6222","上揚","0","0","0","0","0","0","0","0","0","0","0","0","2,000","3,000","-1,000","0","0","0","2,000","3,000","-1,000","-1,000"
"6223","旺矽","20,000","26,000","-6,000","0","0","0","20,000","26,000","-6,000","0","0","0","0","0","0","0","0","0","0","0","0","-6,000"
"6227","茂綸","0","0","0","0","0","0","0","0","0","0","0","0","0","16,000","-16,000","0","0","0","0","16,000","-16,000","-16,000"
"6229","研通","1,000","0","1,000","0","0","0","1,000","0","1,000","0","0","0","1,000","1,000","0","0","0","0","1,000","1,000","0","1,000"
"6231","系微","0","0","0","0","0","0","0","0","0","0","0","0","0","1,000","-1,000","0","0","0","0","1,000","-1,000","-1,000"
"6233","旺玖","3,000","0","3,000","0","0","0","3,000","0","3,000","0","0","0","3,000","3,000","0","0","0","0","3,000","3,000","0","3,000"
"6234","高僑","0","0","0","0","0","0","0","0","0","0","0","0","3,000","3,000","0","0","0","0","3,000","3,000","0","0"
"6237","驊訊","35,000","24,000","11,000","0","0","0","35,000","24,000","11,000","0","0","0","0","0","0","0","0","0","0","0","0","11,000"
"6238","勝麗","190,000","149,000","41,000","0","0","0","190,000","149,000","41,000","0","9,000","-9,000","2,000","10,000","-8,000","1,000","12,000","-11,000","3,000","22,000","-19,000","13,000"
"6240","松崗","22,000","8,000","14,000","0","0","0","22,000","8,000","14,000","0","0","0","0","0","0","0","0","0","0","0","0","14,000"
"6242","立康","5,000","7,000","-2,000","0","0","0","5,000","7,000","-2,000","0","0","0","0","0","0","0","0","0","0","0","0","-2,000"
"6244","茂迪","488,000","332,000","156,000","0","0","0","488,000","332,000","156,000","0","0","0","4,000","14,000","-10,000","0","0","0","4,000","14,000","-10,000","146,000"
"6245","立端","14,000","48,000","-34,000","0","0","0","14,000","48,000","-34,000","0","0","0","0","0","0","0","10,000","-10,000","0","10,000","-10,000","-44,000"
"6246","臺龍","0","0","0","0","0","0","0","0","0","0","0","0","2,000","1,000","1,000","0","0","0","2,000","1,000","1,000","1,000"
"6247","淇譽電","0","0","0","0","0","0","0","0","0","0","0","0","0","3,000","-3,000","0","0","0","0","3,000","-3,000","-3,000"
"6261","久元","100,000","48,000","52,000","0","0","0","100,000","48,000","52,000","0","0","0","0","0","0","3,000","19,000","-16,000","3,000","19,000","-16,000","36,000"
"6263","普萊德","0","1,000","-1,000","0","0","0","0","1,000","-1,000","0","0","0","0","0","0","0","0","0","0","0","0","-1,000"
"6265","方土昶","790,000","782,000","8,000","0","0","0","790,000","782,000","8,000","0","0","0","0","0","0","0","0","0","0","0","0","8,000"
"6266","泰詠","53,000","0","53,000","0","0","0","53,000","0","53,000","0","0","0","0","0","0","0","0","0","0","0","0","53,000"
"6270","倍微","0","79,000","-79,000","0","0","0","0","79,000","-79,000","0","0","0","0","0","0","0","0","0","0","0","0","-79,000"
"6274","台燿","343,000","588,000","-245,000","0","0","0","343,000","588,000","-245,000","0","0","0","130,000","19,000","111,000","19,000","13,000","6,000","149,000","32,000","117,000","-128,000"
"6275","元山","5,000","0","5,000","0","0","0","5,000","0","5,000","0","0","0","0","0","0","0","0","0","0","0","0","5,000"
"6276","安鈦克","0","0","0","0","0","0","0","0","0","0","0","0","2,000","5,000","-3,000","0","0","0","2,000","5,000","-3,000","-3,000"
"6279","胡連","38,000","65,000","-27,000","0","0","0","38,000","65,000","-27,000","0","0","0","2,000","0","2,000","0","9,000","-9,000","2,000","9,000","-7,000","-34,000"
"6284","佳邦","39,000","173,000","-134,000","0","0","0","39,000","173,000","-134,000","0","0","0","7,000","11,000","-4,000","0","0","0","7,000","11,000","-4,000","-138,000"
"6290","良維","831,000","390,000","441,000","0","0","0","831,000","390,000","441,000","0","0","0","0","1,000","-1,000","15,000","25,000","-10,000","15,000","26,000","-11,000","430,000"
"6298","崴強","86,000","12,000","74,000","0","0","0","86,000","12,000","74,000","0","0","0","0","20,000","-20,000","12,000","13,000","-1,000","12,000","33,000","-21,000","53,000"
"6404","通訊-KY","0","0","0","0","0","0","0","0","0","0","0","0","3,000","0","3,000","0","0","0","3,000","0","3,000","3,000"
"6411","晶焱","10,000","24,520","-14,520","0","0","0","10,000","24,520","-14,520","0","15,000","-15,000","58,000","50,000","8,000","22,000","15,000","7,000","80,000","65,000","15,000","-14,520"
"6426","統新","17,000","0","17,000","0","0","0","17,000","0","17,000","0","0","0","0","1,000","-1,000","0","6,000","-6,000","0","7,000","-7,000","10,000"
"6435","大中","0","19,000","-19,000","0","0","0","0","19,000","-19,000","0","0","0","0","0","0","1,000","35,000","-34,000","1,000","35,000","-34,000","-53,000"
"6438","迅得","1,000","59,000","-58,000","0","0","0","1,000","59,000","-58,000","0","0","0","0","0","0","9,000","7,000","2,000","9,000","7,000","2,000","-56,000"
"6446","藥華藥","29,000","35,000","-6,000","0","0","0","29,000","35,000","-6,000","0","0","0","28,000","0","28,000","0","0","0","28,000","0","28,000","22,000"
"6461","益得","17,000","31,000","-14,000","0","0","0","17,000","31,000","-14,000","0","0","0","0","0","0","0","0","0","0","0","0","-14,000"
"6462","神盾","367,000","67,000","300,000","0","0","0","367,000","67,000","300,000","0","0","0","0","0","0","34,000","36,000","-2,000","34,000","36,000","-2,000","298,000"
"6472","保瑞","11,000","11,000","0","0","0","0","11,000","11,000","0","0","0","0","0","0","0","0","0","0","0","0","0","0"
"6485","點序","0","64,000","-64,000","0","0","0","0","64,000","-64,000","0","0","0","0","52,000","-52,000","0","0","0","0","52,000","-52,000","-116,000"
"6486","互動","10,000","5,000","5,000","0","0","0","10,000","5,000","5,000","0","0","0","0","0","0","0","0","0","0","0","0","5,000"
"6488","環球晶","658,820","1,107,320","-448,500","0","0","0","658,820","1,107,320","-448,500","52,000","0","52,000","31,000","81,000","-50,000","38,000","34,000","4,000","69,000","115,000","-46,000","-442,500"
"6496","科懋","14,000","13,000","1,000","0","0","0","14,000","13,000","1,000","0","0","0","0","0","0","0","0","0","0","0","0","1,000"
"6497","亞獅康-KY","7,000","132,000","-125,000","0","0","0","7,000","132,000","-125,000","0","0","0","0","0","0","0","0","0","0","0","0","-125,000"
"6499","益安","14,000","2,000","12,000","0","0","0","14,000","2,000","12,000","0","0","0","0","0","0","0","0","0","0","0","0","12,000"
"6509","聚和","73,000","0","73,000","0","0","0","73,000","0","73,000","0","0","0","0","0","0","0","5,000","-5,000","0","5,000","-5,000","68,000"
"6510","精測","33,000","68,000","-35,000","0","0","0","33,000","68,000","-35,000","0","0","0","5,000","0","5,000","1,000","5,000","-4,000","6,000","5,000","1,000","-34,000"
"6514","芮特-KY","0","2,000","-2,000","0","0","0","0","2,000","-2,000","0","0","0","0","0","0","0","0","0","0","0","0","-2,000"
"6523","達爾膚","0","4,000","-4,000","0","0","0","0","4,000","-4,000","0","0","0","16,000","0","16,000","5,000","0","5,000","21,000","0","21,000","17,000"
"6532","瑞耘","15,000","9,000","6,000","0","0","0","15,000","9,000","6,000","0","0","0","0","0","0","0","0","0","0","0","0","6,000"
"6535","順藥","8,000","1,000","7,000","0","0","0","8,000","1,000","7,000","0","0","0","0","0","0","0","0","0","0","0","0","7,000"
"6547","高端疫苗","72,000","14,000","58,000","0","0","0","72,000","14,000","58,000","0","0","0","0","0","0","0","0","0","0","0","0","58,000"
"6548","長華科","3,000","0","3,000","0","0","0","3,000","0","3,000","10,000","0","10,000","10,000","11,000","-1,000","0","7,000","-7,000","10,000","18,000","-8,000","5,000"
"6554","中美冠科-KY","4,000","0","4,000","0","0","0","4,000","0","4,000","0","0","0","5,000","0","5,000","0","0","0","5,000","0","5,000","9,000"
"6560","欣普羅","2,000","0","2,000","0","0","0","2,000","0","2,000","0","0","0","0","0","0","0","0","0","0","0","0","2,000"
"6568","宏觀","8,000","1,000","7,000","0","0","0","8,000","1,000","7,000","0","18,000","-18,000","2,000","8,000","-6,000","0","0","0","2,000","8,000","-6,000","-17,000"
"6569","醫揚","0","1,000","-1,000","0","0","0","0","1,000","-1,000","0","0","0","0","0","0","0","0","0","0","0","0","-1,000"
"6574","霈方","7,000","0","7,000","0","0","0","7,000","0","7,000","0","0","0","0","0","0","0","0","0","0","0","0","7,000"
"6577","勁豐","3,000","0","3,000","0","0","0","3,000","0","3,000","0","0","0","5,000","0","5,000","0","0","0","5,000","0","5,000","8,000"
"6596","寬宏藝術","0","0","0","0","0","0","0","0","0","0","0","0","8,000","0","8,000","0","0","0","8,000","0","8,000","8,000"
"6603","富強鑫","123,000","8,000","115,000","0","0","0","123,000","8,000","115,000","0","0","0","0","0","0","0","0","0","0","0","0","115,000"
"6609","瀧澤科","2,000","9,000","-7,000","0","0","0","2,000","9,000","-7,000","0","0","0","0","0","0","0","0","0","0","0","0","-7,000"
"6613","朋億","13,000","13,000","0","0","0","0","13,000","13,000","0","0","0","0","10,000","2,000","8,000","30,000","6,000","24,000","40,000","8,000","32,000","32,000"
"6615","慧智","0","1,000","-1,000","0","0","0","0","1,000","-1,000","0","0","0","0","10,000","-10,000","0","0","0","0","10,000","-10,000","-11,000"
"8027","鈦昇","1,000","62,106","-61,106","0","0","0","1,000","62,106","-61,106","0","0","0","0","69,000","-69,000","0","0","0","0","69,000","-69,000","-130,106"
"8032","光菱","0","0","0","0","0","0","0","0","0","0","0","0","0","4,000","-4,000","0","0","0","0","4,000","-4,000","-4,000"
"8034","榮群","31,000","0","31,000","0","0","0","31,000","0","31,000","0","0","0","12,000","6,000","6,000","0","0","0","12,000","6,000","6,000","37,000"
"8038","長園科","0","0","0","0","0","0","0","0","0","0","0","0","0","2,000","-2,000","0","0","0","0","2,000","-2,000","-2,000"
"8040","九暘","4,000","0","4,000","0","0","0","4,000","0","4,000","0","0","0","0","19,000","-19,000","0","0","0","0","19,000","-19,000","-15,000"
"8042","金山電","13,000","74,000","-61,000","0","0","0","13,000","74,000","-61,000","0","0","0","0","0","0","1,000","44,000","-43,000","1,000","44,000","-43,000","-104,000"
"8043","蜜望實","14,000","124,000","-110,000","0","0","0","14,000","124,000","-110,000","0","0","0","0","0","0","0","0","0","0","0","0","-110,000"
"8044","網家","71,325","48,000","23,325","0","0","0","71,325","48,000","23,325","0","0","0","0","0","0","12,000","10,000","2,000","12,000","10,000","2,000","25,325"
"8047","星雲","0","0","0","0","0","0","0","0","0","0","0","0","2,000","2,000","0","0","0","0","2,000","2,000","0","0"
"8048","德勝","0","0","0","0","0","0","0","0","0","0","0","0","1,000","0","1,000","0","0","0","1,000","0","1,000","1,000"
"8049","晶采","1,000","40,000","-39,000","0","0","0","1,000","40,000","-39,000","0","0","0","0","0","0","0","0","0","0","0","0","-39,000"
"8050","廣積","0","9,000","-9,000","0","0","0","0","9,000","-9,000","0","0","0","0","0","0","0","0","0","0","0","0","-9,000"
"8054","安國","9,000","0","9,000","0","0","0","9,000","0","9,000","0","0","0","0","0","0","0","0","0","0","0","0","9,000"
"8059","凱碩","0","0","0","0","0","0","0","0","0","0","0","0","0","2,000","-2,000","0","0","0","0","2,000","-2,000","-2,000"
"8064","東捷","53,000","2,000","51,000","0","0","0","53,000","2,000","51,000","0","0","0","0","0","0","0","3,000","-3,000","0","3,000","-3,000","48,000"
"8066","來思達","1,000","13,000","-12,000","0","0","0","1,000","13,000","-12,000","0","0","0","0","0","0","0","0","0","0","0","0","-12,000"
"8068","全達","0","0","0","0","0","0","0","0","0","0","0","0","2,000","2,000","0","0","0","0","2,000","2,000","0","0"
"8069","元太","2,343,000","4,086,074","-1,743,074","0","0","0","2,343,000","4,086,074","-1,743,074","150,000","0","150,000","153,000","139,000","14,000","360,000","11,000","349,000","513,000","150,000","363,000","-1,230,074"
"8071","能率網通","0","3,000","-3,000","0","0","0","0","3,000","-3,000","0","0","0","0","0","0","0","0","0","0","0","0","-3,000"
"8074","鉅橡","12,000","1,000","11,000","0","0","0","12,000","1,000","11,000","0","0","0","0","0","0","0","0","0","0","0","0","11,000"
"8076","伍豐","7,000","171,000","-164,000","0","0","0","7,000","171,000","-164,000","0","0","0","0","0","0","64,000","33,000","31,000","64,000","33,000","31,000","-133,000"
"8080","奧斯特","2,000","16,000","-14,000","0","0","0","2,000","16,000","-14,000","0","0","0","8,000","1,000","7,000","0","0","0","8,000","1,000","7,000","-7,000"
"8083","瑞穎","0","9,000","-9,000","0","0","0","0","9,000","-9,000","0","0","0","0","0","0","0","0","0","0","0","0","-9,000"
"8086","宏捷科","156,000","274,000","-118,000","0","0","0","156,000","274,000","-118,000","50,000","106,000","-56,000","38,000","0","38,000","0","0","0","38,000","0","38,000","-136,000"
"8091","翔名","0","9,000","-9,000","0","0","0","0","9,000","-9,000","0","47,400","-47,400","0","0","0","14,000","5,000","9,000","14,000","5,000","9,000","-47,400"
"8092","建暐","0","0","0","0","0","0","0","0","0","0","0","0","0","2,000","-2,000","0","0","0","0","2,000","-2,000","-2,000"
"8093","保銳","11,000","299,000","-288,000","0","0","0","11,000","299,000","-288,000","0","0","0","18,000","14,000","4,000","0","0","0","18,000","14,000","4,000","-284,000"
"8096","擎亞","1,000","6,000","-5,000","0","0","0","1,000","6,000","-5,000","0","0","0","0","0","0","0","0","0","0","0","0","-5,000"
"8099","大世科","0","0","0","0","0","0","0","0","0","0","0","0","2,000","0","2,000","0","0","0","2,000","0","2,000","2,000"
"8107","大億金茂","0","62,000","-62,000","0","0","0","0","62,000","-62,000","0","0","0","10,000","0","10,000","0","13,000","-13,000","10,000","13,000","-3,000","-65,000"
"8109","博大","1,000","0","1,000","0","0","0","1,000","0","1,000","0","0","0","0","0","0","0","0","0","0","0","0","1,000"
"8111","立��","263,000","0","263,000","0","0","0","263,000","0","263,000","0","0","0","20,000","3,000","17,000","0","0","0","20,000","3,000","17,000","280,000"
"8121","越峰","0","11,000","-11,000","0","0","0","0","11,000","-11,000","0","0","0","0","0","0","0","0","0","0","0","0","-11,000"
"8147","正淩","0","0","0","0","0","0","0","0","0","0","0","0","0","3,000","-3,000","0","0","0","0","3,000","-3,000","-3,000"
"8155","博智","254,000","104,000","150,000","0","0","0","254,000","104,000","150,000","44,000","174,000","-130,000","157,000","0","157,000","112,000","62,000","50,000","269,000","62,000","207,000","227,000"
"8171","天宇","2,000","1,000","1,000","0","0","0","2,000","1,000","1,000","0","0","0","0","0","0","0","0","0","0","0","0","1,000"
"8176","智捷","3,000","5,000","-2,000","0","0","0","3,000","5,000","-2,000","0","0","0","0","5,000","-5,000","0","0","0","0","5,000","-5,000","-7,000"
"8182","加高","0","6,000","-6,000","0","0","0","0","6,000","-6,000","0","0","0","0","0","0","0","0","0","0","0","0","-6,000"
"8183","精星","3,000","23,000","-20,000","0","0","0","3,000","23,000","-20,000","0","0","0","0","0","0","0","0","0","0","0","0","-20,000"
"8234","新漢","0","4,000","-4,000","0","0","0","0","4,000","-4,000","0","0","0","0","0","0","0","0","0","0","0","0","-4,000"
"8240","華宏","0","0","0","0","0","0","0","0","0","0","0","0","1,000","1,000","0","0","0","0","1,000","1,000","0","0"
"8255","朋程","63,000","58,000","5,000","0","0","0","63,000","58,000","5,000","0","0","0","0","0","0","0","10,000","-10,000","0","10,000","-10,000","-5,000"
"8277","商丞","0","0","0","0","0","0","0","0","0","0","0","0","0","18,000","-18,000","0","0","0","0","18,000","-18,000","-18,000"
"8279","生展","6,000","9,000","-3,000","0","0","0","6,000","9,000","-3,000","0","0","0","0","0","0","1,000","0","1,000","1,000","0","1,000","-2,000"
"8287","英格爾","48,000","0","48,000","0","0","0","48,000","0","48,000","0","0","0","0","0","0","0","0","0","0","0","0","48,000"
"8289","泰藝","0","0","0","0","0","0","0","0","0","0","0","0","0","3,000","-3,000","0","0","0","0","3,000","-3,000","-3,000"
"8299","群聯","91,775","378,000","-286,225","0","0","0","91,775","378,000","-286,225","0","0","0","0","4,000","-4,000","4,000","9,000","-5,000","4,000","13,000","-9,000","-295,225"
"8349","�矬�","6,000","41,000","-35,000","0","0","0","6,000","41,000","-35,000","0","0","0","0","10,000","-10,000","4,000","14,000","-10,000","4,000","24,000","-20,000","-55,000"
"8358","金居","87,000","523,000","-436,000","0","0","0","87,000","523,000","-436,000","0","0","0","0","0","0","71,000","48,000","23,000","71,000","48,000","23,000","-413,000"
"8383","千附","28,000","13,000","15,000","0","0","0","28,000","13,000","15,000","0","0","0","0","0","0","0","1,000","-1,000","0","1,000","-1,000","14,000"
"8390","金益鼎","3,000","0","3,000","0","0","0","3,000","0","3,000","0","0","0","0","0","0","0","0","0","0","0","0","3,000"
"8401","白紗科","12,000","10,000","2,000","0","0","0","12,000","10,000","2,000","0","0","0","0","0","0","0","0","0","0","0","0","2,000"
"8403","盛弘","12,000","6,000","6,000","0","0","0","12,000","6,000","6,000","0","0","0","0","9,000","-9,000","75,000","2,000","73,000","75,000","11,000","64,000","70,000"
"8406","金可-KY","40,000","173,000","-133,000","0","0","0","40,000","173,000","-133,000","123,000","0","123,000","33,000","18,000","15,000","417,000","12,000","405,000","450,000","30,000","420,000","410,000"
"8409","商之器","0","0","0","0","0","0","0","0","0","0","0","0","1,000","0","1,000","0","0","0","1,000","0","1,000","1,000"
"8415","大國鋼","8,000","10,000","-2,000","0","0","0","8,000","10,000","-2,000","0","0","0","0","0","0","0","0","0","0","0","0","-2,000"
"8416","實威","14,000","0","14,000","0","0","0","14,000","0","14,000","0","0","0","0","0","0","4,000","0","4,000","4,000","0","4,000","18,000"
"8418","捷必勝-KY","50,000","0","50,000","0","0","0","50,000","0","50,000","0","0","0","0","0","0","0","0","0","0","0","0","50,000"
"8424","惠普","0","0","0","0","0","0","0","0","0","0","0","0","0","1,000","-1,000","0","0","0","0","1,000","-1,000","-1,000"
"8431","匯鑽科","93,000","11,000","82,000","0","0","0","93,000","11,000","82,000","0","0","0","0","38,000","-38,000","0","0","0","0","38,000","-38,000","44,000"
"8432","東生華","13,000","4,000","9,000","0","0","0","13,000","4,000","9,000","0","0","0","3,000","89,000","-86,000","0","0","0","3,000","89,000","-86,000","-77,000"
"8433","弘帆","6,000","0","6,000","0","0","0","6,000","0","6,000","0","0","0","1,000","1,000","0","0","0","0","1,000","1,000","0","6,000"
"8436","大江","309,000","88,000","221,000","0","0","0","309,000","88,000","221,000","0","55,000","-55,000","0","3,000","-3,000","20,000","1,000","19,000","20,000","4,000","16,000","182,000"
"8437","大地-KY","151,000","158,000","-7,000","0","0","0","151,000","158,000","-7,000","45,000","0","45,000","0","9,000","-9,000","0","0","0","0","9,000","-9,000","29,000"
"8440","綠電","1,000","0","1,000","0","0","0","1,000","0","1,000","0","0","0","0","0","0","0","0","0","0","0","0","1,000"
"8444","綠河-KY","1,000","0","1,000","0","0","0","1,000","0","1,000","0","23,000","-23,000","0","0","0","0","0","0","0","0","0","-22,000"
"8446","華研","4,000","18,000","-14,000","0","0","0","4,000","18,000","-14,000","0","0","0","2,000","0","2,000","0","2,000","-2,000","2,000","2,000","0","-14,000"
"8450","霹靂","2,000","0","2,000","0","0","0","2,000","0","2,000","0","0","0","0","2,000","-2,000","0","0","0","0","2,000","-2,000","0"
"8462","柏文","2,000","1,000","1,000","0","0","0","2,000","1,000","1,000","0","0","0","1,000","0","1,000","0","0","0","1,000","0","1,000","2,000"
"8489","三貝德","75,000","18,000","57,000","0","0","0","75,000","18,000","57,000","10,000","0","10,000","9,000","0","9,000","142,000","75,000","67,000","151,000","75,000","76,000","143,000"
"8905","裕國","0","29,000","-29,000","0","0","0","0","29,000","-29,000","0","0","0","0","0","0","0","0","0","0","0","0","-29,000"
"8913","全銓","1,000","1,000","0","0","0","0","1,000","1,000","0","0","0","0","0","0","0","0","0","0","0","0","0","0"
"8916","光隆","0","2,000","-2,000","0","0","0","0","2,000","-2,000","0","0","0","0","6,000","-6,000","0","0","0","0","6,000","-6,000","-8,000"
"8921","沈氏","45,000","0","45,000","0","0","0","45,000","0","45,000","0","0","0","2,000","2,000","0","0","0","0","2,000","2,000","0","45,000"
"8924","大田","76,000","61,000","15,000","0","0","0","76,000","61,000","15,000","0","0","0","3,000","0","3,000","52,000","10,000","42,000","55,000","10,000","45,000","60,000"
"8927","北基","0","0","0","0","0","0","0","0","0","0","0","0","2,000","0","2,000","0","0","0","2,000","0","2,000","2,000"
"8929","富堡","0","2,000","-2,000","0","0","0","0","2,000","-2,000","0","0","0","0","0","0","0","0","0","0","0","0","-2,000"
"8930","青鋼","12,000","6,000","6,000","0","0","0","12,000","6,000","6,000","0","0","0","0","0","0","0","0","0","0","0","0","6,000"
"8932","宏大","0","0","0","0","0","0","0","0","0","0","0","0","3,000","9,000","-6,000","0","0","0","3,000","9,000","-6,000","-6,000"
"8933","愛地雅","42,000","0","42,000","0","0","0","42,000","0","42,000","0","0","0","0","0","0","0","0","0","0","0","0","42,000"
"8935","邦泰","0","0","0","0","0","0","0","0","0","0","0","0","1,000","2,000","-1,000","0","0","0","1,000","2,000","-1,000","-1,000"
"8936","國統","194,000","3,000","191,000","0","0","0","194,000","3,000","191,000","0","0","0","0","0","0","0","0","0","0","0","0","191,000"
"8938","明安","29,000","48,000","-19,000","0","0","0","29,000","48,000","-19,000","0","0","0","0","0","0","19,000","5,000","14,000","19,000","5,000","14,000","-5,000"
"8941","關中","0","0","0","0","0","0","0","0","0","0","0","0","2,000","0","2,000","0","0","0","2,000","0","2,000","2,000"
"8942","森鉅","138,000","55,000","83,000","0","0","0","138,000","55,000","83,000","303,000","0","303,000","196,000","0","196,000","0","0","0","196,000","0","196,000","582,000"
"9951","皇田","0","2,000","-2,000","0","0","0","0","2,000","-2,000","0","0","0","0","0","0","0","0","0","0","0","0","-2,000"
"9960","邁達康","0","0","0","0","0","0","0","0","0","0","0","0","3,000","3,000","0","0","0","0","3,000","3,000","0","0"