"股票代號","股票名稱","資買進","資賣出","資現償","資前餘額","資今餘","資限額","券買進","券賣出","券現償","券前餘","券今餘","券限額","資券互抵","註記",
="0050","元大台灣50","67","146","0","2,760","2,681","145,750","6","4","0","419","417","145,750","4","",
="0051","元大中型100","0","0","0","0","0","2,250","0","0","0","0","0","2,250","0","X",
="0052","富邦科技","0","0","0","0","0","1,500","0","0","0","0","0","1,500","0","X",
="0053","元大電子","0","0","0","3","3","1,622","0","0","0","0","0","1,622","0","",
="0054","元大台商50","0","0","0","2","2","2,906","0","0","0","0","0","2,906","0","",
="0055","元大MSCI金融","0","5","0","34","29","8,788","0","0","0","2","2","8,788","0","",
="0056","元大高股息","6","0","1","153","158","98,633","0","0","0","1","1","98,633","0","",
="0057","富邦摩台","0","0","0","0","0","1,256","0","0","0","0","0","1,256","0","X",
="0058","富邦發達","0","0","0","0","0","1,049","0","0","0","0","0","1,049","0","X",
="0059","富邦金融","0","0","0","0","0","1,243","0","0","0","0","0","1,243","0","X",
="0061","元大寶滬深","5","3","1","2,625","2,626","99,404","20","10","0","191","181","99,404","1","",
="006203","元大MSCI台灣","0","0","0","0","0","1,929","0","0","0","0","0","1,929","0","X",
="006204","永豐臺灣加權","0","0","0","0","0","750","0","0","0","0","0","750","0","X",
="006205","富邦上証","6","37","0","1,838","1,807","124,436","0","0","1","29","28","124,436","0","",
="006206","元大上證50","0","6","0","933","927","53,944","0","0","0","2","2","53,944","0","",
="006207","FH滬深","0","0","0","406","406","53,598","0","0","0","2","2","53,598","0","",
="006208","富邦台50","0","0","0","25","25","5,885","0","0","0","0","0","5,885","0","",
="00631L","元大台灣50正2","468","159","0","6,234","6,543","8,021","180","78","0","2,583","2,481","8,021","14","@",
="00632R","元大台灣50反1","5,033","8,278","178","232,721","229,298","1,098,287","317","6","0","5,204","4,893","1,098,287","3","",
="00633L","富邦上証正2","1,990","4,737","7","143,110","140,356","180,614","202","139","1,167","9,083","7,853","180,614","126","@",
="00634R","富邦上証反1","88","21","0","3,384","3,451","14,564","5","25","0","472","492","14,564","0","",
="00635U","元大S&P黃金","2","1","0","715","716","9,878","0","0","0","14","14","9,878","0","",
="00636","國泰中國A50","197","220","0","5,879","5,856","150,331","0","0","0","327","327","150,331","0","",
="00637L","元大滬深300正2","5,445","12,229","356","499,520","492,380","625,401","226","464","3,936","35,798","32,100","625,401","718","@",
="00638R","元大滬深300反1","30","8","0","184","206","2,112","14","0","0","112","98","2,112","0","",
="00639","富邦深100","12","14","0","5,533","5,531","75,975","0","0","0","88","88","75,975","2","",
="00640L","富邦日本正2","0","3","0","1,687","1,684","4,104","1","0","0","311","310","4,104","0","",
="00641R","富邦日本反1","1","153","5","4,626","4,469","8,064","0","0","0","10","10","8,064","0","",
="00642U","元大S&P石油","10","9","0","1,457","1,458","19,580","10","0","0","342","332","19,580","0","",
="00643","群益深証中小","19","113","0","6,139","6,045","70,222","0","2","0","122","124","70,222","0","",
="00645","富邦日本","0","0","0","0","0","6,374","0","0","0","0","0","6,374","0","X",
="00646","元大S&P500","0","0","0","14","14","67,871","0","0","0","0","0","67,871","0","",
="00647L","元大S&P500正2","0","0","0","963","963","979","0","0","0","2","2","979","0","O",
="00648R","元大S&P500反1","31","513","0","9,134","8,652","35,047","0","0","0","25","25","35,047","0","",
="00649","FH香港","0","3","0","111","108","3,818","0","0","0","1","1","3,818","0","",
="00650L","FH香港正2","23","19","0","563","567","959","0","7","0","64","71","959","0","",
="00651R","FH香港反1","104","7","0","1,538","1,635","5,423","0","0","0","2","2","5,423","0","",
="00652","富邦印度","0","0","0","52","52","3,008","0","0","0","0","0","3,008","0","",
="00653L","富邦印度正2","49","24","0","1,354","1,379","3,350","12","6","0","135","129","3,350","1","",
="00654R","富邦印度反1","35","34","0","1,213","1,214","2,116","0","0","0","0","0","2,116","0","",
="00655L","國泰中國A50正2","476","1,973","53","79,442","77,892","104,864","4","66","0","2,703","2,765","104,864","79","",
="00656R","國泰中國A50反1","3","1","0","181","183","2,464","0","0","0","2","2","2,464","0","",
="00657","國泰日經225","0","0","0","0","0","1,841","0","0","0","0","0","1,841","0","X",
="00658L","國泰日本正2","0","0","0","76","76","1,336","0","0","0","8","8","1,336","0","",
="00659R","國泰日本反1","0","0","0","864","864","3,020","0","0","0","0","0","3,020","0","",
="00660","元大歐洲50","0","0","0","1","1","8,882","0","0","0","0","0","8,882","0","",
="00661","元大日經225","0","0","0","0","0","981","0","0","0","0","0","981","0","X",
="00662","富邦NASDAQ","0","0","0","15","15","2,882","0","0","0","0","0","2,882","0","",
="00663L","國泰臺灣加權正2","12","75","0","758","695","1,077","0","0","0","21","21","1,077","0","",
="00664R","國泰臺灣加權反1","27","178","3","10,453","10,299","39,393","0","0","0","19","19","39,393","0","",
="00665L","富邦�琤肭磪囓�2","20","86","30","4,795","4,699","6,741","2","9","0","33","40","6,741","0","@",
="00666R","富邦�琤肭磪齯�1","0","0","0","282","282","2,406","0","0","0","0","0","2,406","0","",
="00667","元大韓國","0","0","0","1","1","1,232","0","0","0","0","0","1,232","0","",
="00668","國泰美國道瓊","5","0","0","135","140","20,032","0","0","0","0","0","20,032","0","",
="00669R","國泰美國道瓊反1","55","61","0","5,879","5,873","16,029","0","0","0","33","33","16,029","0","",
="00670L","富邦NASDAQ正2","104","65","0","2,391","2,430","3,786","24","0","0","123","99","3,786","0","",
="00671R","富邦NASDAQ反1","10","112","0","3,820","3,718","5,721","0","0","0","0","0","5,721","0","",
="00672L","元大S&P原油正2","115","150","0","7,970","7,935","19,296","32","5","0","3,736","3,709","19,296","0","",
="00673R","元大S&P原油反1","159","126","0","15,775","15,808","37,925","10","0","0","1,460","1,450","37,925","0","",
="00674R","元大S&P黃金反1","0","2","0","27","25","1,525","0","0","0","0","0","1,525","0","",
="00675L","富邦臺灣加權正2","31","175","0","2,438","2,294","2,946","6","3","0","133","130","2,946","0","",
="00676R","富邦臺灣加權反1","216","189","0","13,681","13,708","44,127","0","0","0","23","23","44,127","0","",
="00677U","富邦VIX","6,980","2,980","8","65,784","69,776","111,302","392","195","0","12,450","12,253","111,302","497","",
="00678","群益NBI生技","3","0","0","80","83","9,737","0","0","0","0","0","9,737","0","",
="00680L","元大美債20正2","0","0","0","1","1","1,394","0","0","0","0","0","1,394","0","",
="00681R","元大美債20反1","0","0","0","11","11","1,773","0","0","0","0","0","1,773","0","",
="00682U","元大美元指數","0","25","0","59","34","2,161","0","0","0","0","0","2,161","0","",
="00683L","元大美元指數正2","28","144","0","3,636","3,520","11,858","0","0","0","26","26","11,858","6","",
="00684R","元大美元指數反1","0","0","0","2","2","797","0","0","0","0","0","797","0","",
="00685L","群益臺灣加權正2","0","0","0","12","12","2,034","0","0","0","0","0","2,034","0","",
="00686R","群益臺灣加權反1","0","0","0","6,079","6,079","6,944","0","0","0","14","14","6,944","0","@",
="00688L","國泰20年美債正2","0","0","0","5","5","1,403","0","0","0","0","0","1,403","0","",
="00689R","國泰20年美債反1","0","0","0","2","2","1,347","0","0","0","0","0","1,347","0","",
="00690","兆豐藍籌30","0","0","0","74","74","4,332","0","0","0","0","0","4,332","0","",
="00691R","兆豐藍籌30反1","0","0","0","24","24","1,651","0","0","0","0","0","1,651","0","",
="00692","富邦公司治理","0","0","0","39","39","31,070","0","0","0","0","0","31,070","0","",
="00693U","華頓S&P黃豆","18","115","0","1,439","1,342","4,416","0","0","0","0","0","4,416","0","",
="00698L","元大美債7-10正2","0","0","0","0","0","1,537","0","0","0","0","0","1,537","0","X",
="00699R","元大美債7-10反1","0","0","0","0","0","1,428","0","0","0","0","0","1,428","0","X",
="00700","富邦�琤肭磪�","0","0","0","68","68","1,995","0","0","0","0","0","1,995","0","",
="00701","國泰臺灣低波動30","0","0","0","5","5","6,347","0","0","0","0","0","6,347","0","",
="00702","國泰標普低波高息","0","0","0","1","1","3,547","0","0","0","0","0","3,547","0","",
="00703","台新MSCI中國","0","2","0","442","440","6,262","0","0","0","0","0","6,262","0","",
="00704L","台新MSCI台灣正2","0","0","0","7","7","719","0","0","0","0","0","719","0","",
="00705R","台新MSCI台灣反1","0","0","0","22","22","1,328","0","0","0","0","0","1,328","0","",
="00706L","元大S&P日圓正2","0","0","0","48","48","1,521","0","0","0","2","2","1,521","0","",
="00707R","元大S&P日圓反1","0","0","0","0","0","1,213","0","0","0","0","0","1,213","0","X",
="00708L","元大S&P黃金正2","446","30","1","2,237","2,652","5,268","0","0","0","30","30","5,268","0","",
="00709","富邦歐洲","0","0","0","0","0","1,615","0","0","0","0","0","1,615","0","X",
="00710B","FH彭博高收益債","0","0","0","0","0","144,690","0","0","0","0","0","144,690","0","X",
="00711B","FH彭博新興債","0","0","0","0","0","11,940","0","0","0","0","0","11,940","0","X",
="00712","FH富時不動產","0","0","0","2","2","116,627","0","0","0","0","0","116,627","0","",
="00713","元大台灣高息低波","0","0","0","1","1","24,503","0","0","0","0","0","24,503","0","",
="00714","群益道瓊美國地產","0","0","0","4","4","1,391","0","0","0","0","0","1,391","0","",
="00715L","華頓S&P布蘭特正2","0","3","0","30","27","1,346","0","0","0","0","0","1,346","0","",
="00716R","華頓S&P布蘭特反1","0","0","0","41","41","1,289","0","0","0","0","0","1,289","0","",
="00717","富邦美國特別股","0","0","0","141","141","53,401","0","0","0","0","0","53,401","0","",
="00728","第一金工業30","13","10","0","20","23","7,355","0","0","0","0","0","7,355","16","",
="00729R","第一金工業30反1","2","0","0","4","6","2,024","0","0","0","0","0","2,024","0","",
="00730","富邦臺灣優質高息","0","0","0","1","1","34,261","0","0","0","0","0","34,261","0","",
="00731","FH富時高息低波","0","0","0","0","0","12,650","0","0","0","0","0","12,650","0","X",
="008201","BP上證50","0","0","0","78","78","6,872","0","0","0","0","0","6,872","0","",
"1101","台泥","561","224","0","9,051","9,388","1,061,627","20","21","0","275","276","1,061,627","18","",
"1102","亞泥","315","335","1","4,027","4,006","840,361","4","11","0","76","83","840,361","19","",
"1103","嘉泥","85","35","0","4,857","4,907","193,695","0","0","0","0","0","193,695","0","",
"1104","環泥","6","9","0","1,742","1,739","163,402","0","0","0","0","0","163,402","0","",
"1108","幸福","0","8","0","1,976","1,968","101,184","0","0","0","0","0","101,184","0","",
"1109","信大","0","0","0","1,098","1,098","89,988","0","0","0","21","21","89,988","0","",
"1110","東泥","4","0","0","1,234","1,238","143,000","0","0","0","0","0","143,000","0","",
"1201","味全","138","45","0","2,089","2,182","126,515","1","3","0","2","4","126,515","0","",
"1203","味王","0","0","0","559","559","60,000","0","0","0","0","0","60,000","0","",
"1210","大成","656","221","0","4,664","5,099","184,098","8","41","0","83","116","184,098","10","",
"1213","大飲","3","0","5","151","149","14,155","0","0","0","0","0","14,155","0","",
"1215","卜蜂","27","21","0","2,858","2,864","66,997","4","7","0","489","492","66,997","1","",
"1216","統一","71","291","2","1,535","1,313","1,420,503","0","6","0","6","12","1,420,503","3","",
"1217","愛之味","234","59","21","8,877","9,031","123,628","0","1","0","0","1","123,628","0","",
"1218","泰山","18","136","0","7,362","7,244","124,999","0","0","0","10","10","124,999","0","",
"1219","福壽","0","0","0","8,450","8,450","80,503","0","0","0","0","0","80,503","0","",
"1220","台榮","40","19","0","1,466","1,487","44,269","0","0","0","0","0","44,269","0","",
"1225","福懋油","10","0","0","8,775","8,785","54,675","0","0","0","0","0","54,675","0","",
"1227","佳格","6","2","0","1,037","1,041","228,772","0","0","0","4","4","228,772","0","",
"1229","聯華","62","8","3","2,281","2,332","239,121","0","0","0","18","18","239,121","1","",
"1231","聯華食","0","0","0","327","327","39,971","0","0","0","0","0","39,971","0","",
"1232","大統益","0","0","0","44","44","39,993","0","0","0","0","0","39,993","0","",
"1233","天仁","0","0","0","107","107","22,647","0","0","0","0","0","22,647","0","",
"1234","黑松","0","1","0","132","131","100,467","0","0","0","0","0","100,467","0","",
"1235","興泰","0","0","0","10,734","10,734","15,165","0","0","0","0","0","15,165","0","",
"1236","宏亞","0","0","0","100","100","27,085","0","0","0","0","0","27,085","0","",
"1256","鮮活果汁-KY","105","57","0","1,183","1,231","7,691","0","4","0","0","4","7,691","1","",
"1262","綠悅-KY","99","164","0","8,242","8,177","40,837","11","49","0","790","828","40,837","1","",
"1301","台塑","39","13","0","1,080","1,106","1,591,435","0","0","0","5","5","1,591,435","0","",
"1303","南亞","84","33","1","2,397","2,447","1,982,705","0","0","0","2","2","1,982,705","0","",
"1304","台聚","265","80","0","6,497","6,682","291,363","0","0","0","5","5","291,363","0","",
"1305","華夏","542","56","0","10,479","10,965","122,999","5","206","0","328","529","122,999","2","",
"1307","三芳","0","0","0","456","456","99,454","0","0","0","6","6","99,454","0","",
"1308","亞聚","59","4","0","3,720","3,775","129,528","0","0","0","3","3","129,528","0","",
"1309","台達化","339","605","0","18,144","17,878","81,912","0","1","0","6","7","81,912","3","",
"1310","台苯","147","79","0","19,151","19,219","131,967","1","0","0","5","4","131,967","0","",
"1312","國喬","696","303","0","11,546","11,939","226,655","170","21","0","1,086","937","226,655","0","",
"1313","聯成","111","377","0","15,790","15,524","299,889","0","0","0","38","38","299,889","2","",
"1314","中石化","725","977","0","133,881","133,629","674,964","0","27","0","624","651","674,964","16","",
"1315","達新","0","0","0","246","246","49,500","0","0","0","0","0","49,500","0","",
"1316","上曜","44","58","3","8,081","8,064","20,282","0","1","0","4","5","20,282","0","",
"1319","東陽","230","79","0","12,172","12,323","147,869","43","1","0","75","33","147,869","5","",
"1321","大洋","43","70","0","3,122","3,095","56,807","0","2","0","6","8","56,807","0","",
"1323","永裕","2","4","0","4,174","4,172","22,818","0","0","0","0","0","22,818","0","",
"1324","地球","4","14","0","2,800","2,790","18,780","0","0","0","0","0","18,780","0","",
"1325","恆大","3","3","0","4,962","4,962","21,320","0","0","0","0","0","21,320","0","",
"1326","台化","20","77","21","1,558","1,480","1,465,296","2","0","0","35","33","1,465,296","0","",
"1337","再生-KY","198","273","0","12,332","12,257","66,944","0","16","0","154","170","66,944","0","",
"1338","廣華-KY","15","55","1","6,023","5,982","20,960","0","0","0","2","2","20,960","1","",
"1339","昭輝","0","5","0","1,212","1,207","18,534","0","0","0","5","5","18,534","0","",
"1340","勝悅-KY","43","26","2","7,092","7,107","31,595","0","0","0","21","21","31,595","0","",
"1402","遠東新","1,287","374","4","5,145","6,054","1,338,218","0","22","0","7","29","1,338,218","27","",
"1409","新纖","260","357","0","11,092","10,995","404,602","9","1","0","13","5","404,602","3","",
"1410","南染","64","0","0","538","602","18,000","0","0","0","0","0","18,000","0","",
"1413","宏洲","0","0","0","0","0","0","0","0","0","0","0","0","0","OX",
"1414","東和","226","63","0","3,059","3,222","55,000","7","4","0","8","5","55,000","1","",
"1416","廣豐","1","11","0","3,134","3,124","46,335","0","0","0","0","0","46,335","0","",
"1417","嘉裕","0","265","5","6,766","6,496","0","0","0","0","0","0","0","0","OX",
"1418","東華","0","0","0","0","0","0","0","0","0","0","0","0","0","OX",
"1419","新紡","0","2","0","115","113","75,010","0","0","0","6","6","75,010","0","",
"1423","利華","179","227","0","9,580","9,532","43,250","16","29","5","196","204","43,250","3","",
"1432","大魯閣","68","100","0","7,617","7,585","41,984","0","0","0","1","1","41,984","0","",
"1434","福懋","10","0","2","312","320","421,166","0","0","0","0","0","421,166","0","",
"1435","中福","0","0","0","0","0","0","0","0","0","0","0","0","0","OX",
"1436","華友聯","0","0","0","55","55","18,975","0","0","0","0","0","18,975","0","",
"1437","勤益控","51","24","0","2,078","2,105","48,421","0","0","0","0","0","48,421","3","",
"1438","裕豐","0","0","0","0","0","0","0","0","0","0","0","0","0","OX",
"1439","中和","784","458","0","8,692","9,018","23,000","180","290","0","1,433","1,543","23,000","44","",
"1440","南紡","79","8","0","6,394","6,465","414,203","0","0","0","0","0","414,203","0","",
"1441","大東","0","0","0","0","0","0","0","0","0","0","0","0","0","OX",
"1442","名軒","0","3","0","964","961","75,097","0","0","0","0","0","75,097","0","",
"1443","立益","0","0","0","0","0","0","0","0","0","0","0","0","0","OX",
"1444","力麗","1,306","1,206","0","38,389","38,489","239,325","0","76","0","27","103","239,325","14","",
"1445","大宇","2","0","0","7,047","7,049","34,666","0","0","0","0","0","34,666","0","",
"1446","宏和","10","12","0","3,253","3,251","34,427","0","0","0","7","7","34,427","0","",
"1447","力鵬","228","142","0","12,954","13,040","228,621","0","0","0","8","8","228,621","2","",
"1449","佳和","0","0","0","0","0","0","0","0","0","0","0","0","0","OX",
"1451","年興","0","16","0","967","951","49,500","0","0","0","0","0","49,500","0","",
"1452","宏益","12","61","0","4,780","4,731","33,160","0","0","0","133","133","33,160","0","",
"1453","大將","108","54","0","2,525","2,579","22,418","10","3","0","14","7","22,418","2","",
"1454","台富","0","0","0","3,888","3,888","35,077","0","0","0","0","0","35,077","0","",
"1455","集盛","345","462","0","25,705","25,588","152,940","23","62","0","542","581","152,940","6","",
"1456","怡華","0","4","0","765","761","23,430","0","0","0","0","0","23,430","0","",
"1457","宜進","487","326","4","10,507","10,664","75,411","0","1","0","474","475","75,411","3","",
"1459","聯發","103","16","0","5,283","5,370","89,657","0","0","0","0","0","89,657","1","",
"1460","宏遠","66","47","0","4,651","4,670","122,509","0","0","0","3","3","122,509","0","",
"1463","強盛","33","54","0","4,399","4,378","43,317","2","6","0","36","40","43,317","0","",
"1464","得力","80","5","0","5,973","6,048","83,641","0","11","0","3","14","83,641","0","",
"1465","偉全","6","1","0","7,748","7,753","25,901","0","0","0","0","0","25,901","0","",
"1466","聚隆","0","0","0","569","569","27,789","0","1","0","0","1","27,789","0","",
"1467","南緯","32","94","0","7,530","7,468","42,052","0","0","0","0","0","42,052","0","",
"1468","昶和","0","0","0","0","0","0","0","0","0","0","0","0","0","OX",
"1470","大統染","0","0","0","3","3","21,441","0","0","0","0","0","21,441","0","",
"1471","首利","0","0","0","7","7","0","0","0","0","0","0","0","0","OX",
"1472","三洋紡","0","0","0","0","0","0","0","0","0","0","0","0","0","OX",
"1473","台南","0","0","0","400","400","36,788","0","0","0","0","0","36,788","0","",
"1474","弘裕","27","2","4","3,835","3,856","32,474","0","0","0","0","0","32,474","0","",
"1475","本盟","0","0","0","274","274","0","0","0","0","0","0","0","0","OX",
"1476","儒鴻","71","7","1","3,860","3,923","68,591","4","2","0","122","120","68,591","0","",
"1477","聚陽","83","65","0","2,206","2,224","52,346","0","7","0","6","13","52,346","0","",
"1503","士電","1","11","0","357","347","130,243","0","0","0","0","0","130,243","0","",
"1504","東元","137","101","0","9,066","9,102","500,673","0","0","0","19","19","500,673","0","",
"1506","正道","115","109","0","22,752","22,758","23,126","2","19","0","6","23","23,126","1","@",
"1507","永大","1","1","0","643","643","102,705","0","0","0","1","1","102,705","0","",
"1512","瑞利","0","0","0","0","0","0","0","0","0","0","0","0","0","OX",
"1513","中興電","121","175","0","10,302","10,248","105,000","0","0","0","1","1","105,000","3","",
"1514","亞力","780","569","2","10,628","10,837","50,266","99","191","2","504","594","50,266","97","",
"1515","力山","50","62","0","13,745","13,733","45,368","43","37","0","886","880","45,368","6","",
"1516","川飛","1","5","0","5,222","5,218","6,620","0","0","0","2","2","6,620","0","",
"1517","利奇","36","12","10","3,358","3,372","56,956","0","0","0","0","0","56,956","0","",
"1519","華城","853","606","0","8,465","8,712","65,264","135","177","0","957","999","65,264","66","",
"1521","大億","0","1","0","275","274","19,057","0","0","0","0","0","19,057","0","",
"1522","堤維西","34","17","1","9,617","9,633","78,224","4","4","0","41","41","78,224","0","",
"1524","耿鼎","3","0","0","6,273","6,276","44,921","0","0","0","1","1","44,921","0","",
"1525","江申","52","14","0","577","615","18,350","0","0","0","0","0","18,350","0","",
"1526","日馳","23","7","0","3,559","3,575","12,500","3","1","0","72","70","12,500","0","",
"1527","鑽全","46","26","1","2,654","2,673","34,490","6","3","0","124","121","34,490","0","",
"1528","恩德","1,031","324","0","12,577","13,284","45,000","0","5","0","26","31","45,000","7","",
"1529","樂士","0","0","0","0","0","0","0","0","0","0","0","0","0","OX",
"1530","亞崴","0","18","4","1,001","979","24,148","0","0","0","0","0","24,148","0","",
"1531","高林股","15","41","0","5,370","5,344","48,287","0","0","0","11","11","48,287","0","",
"1532","勤美","44","25","0","5,986","6,005","96,313","0","0","0","0","0","96,313","0","",
"1533","車王電","6","4","0","1,762","1,764","24,636","0","0","0","0","0","24,636","0","",
"1535","中宇","0","0","0","321","321","30,935","0","0","0","0","0","30,935","0","",
"1536","和大","362","227","0","7,206","7,341","63,739","22","54","0","192","224","63,739","1","",
"1537","廣隆","2","2","0","632","632","20,446","0","0","0","2","2","20,446","0","",
"1538","正峰新","0","0","0","0","0","0","0","0","0","0","0","0","0","OX",
"1539","巨庭","7","16","0","2,676","2,667","16,342","0","3","0","0","3","16,342","0","",
"1540","喬福","0","0","0","978","978","21,368","0","0","0","0","0","21,368","0","",
"1541","錩泰","14","17","0","897","894","19,700","0","1","0","0","1","19,700","0","",
"1558","伸興","0","2","0","590","588","15,138","0","0","0","0","0","15,138","0","",
"1560","中砂","70","34","0","3,155","3,191","35,250","9","8","0","57","56","35,250","0","",
"1568","倉佑","33","31","0","4,826","4,828","25,771","1","0","0","16","15","25,771","0","",
"1582","信錦","43","14","0","1,467","1,496","41,241","0","0","0","2","2","41,241","1","",
"1583","程泰","1","1","0","456","456","27,600","0","0","0","0","0","27,600","0","",
"1589","永冠-KY","279","351","13","8,472","8,387","27,904","117","162","0","492","537","27,904","14","",
"1590","亞德客-KY","83","7","0","599","675","47,256","3","32","0","17","46","47,256","0","",
"1592","英瑞-KY","0","18","39","2,718","2,661","25,108","0","0","0","0","0","25,108","0","",
"1598","岱宇","6","0","0","3,342","3,348","23,237","0","0","0","39","39","23,237","0","",
"1603","華電","1","0","0","2,510","2,511","47,922","0","0","0","0","0","47,922","0","",
"1604","聲寶","28","16","0","5,189","5,201","124,750","0","0","0","25","25","124,750","0","",
"1605","華新","1,312","1,473","0","30,144","29,983","841,500","32","121","0","758","847","841,500","26","",
"1608","華榮","260","634","0","13,813","13,439","158,193","1","6","0","65","70","158,193","0","",
"1609","大亞","2,940","4,471","5","46,251","44,715","143,045","1,208","850","0","4,736","4,378","143,045","125","",
"1611","中電","116","321","0","8,843","8,638","99,609","0","3","0","52","55","99,609","0","",
"1612","宏泰","10","66","4","6,558","6,498","79,020","2","0","0","2","0","79,020","0","",
"1614","三洋電","0","0","0","406","406","67,278","0","0","0","0","0","67,278","0","",
"1615","大山","280","369","5","2,508","2,414","27,965","163","64","3","354","252","27,965","21","",
"1616","億泰","0","0","0","0","0","0","0","0","0","0","0","0","0","OX",
"1617","榮星","0","0","0","1,232","1,232","36,058","0","0","0","0","0","36,058","0","",
"1618","合機","115","178","9","14,308","14,236","60,216","0","0","0","20","20","60,216","1","",
"1626","艾美特-KY","5","5","0","2,293","2,293","30,710","0","0","0","0","0","30,710","0","",
"1701","中化","97","88","0","4,491","4,500","74,520","0","0","0","3","3","74,520","0","",
"1702","南僑","9","3","0","1,728","1,734","73,533","0","2","0","12","14","73,533","0","",
"1704","榮化","10","22","0","6,728","6,716","213,858","1","0","0","3","2","213,858","0","",
"1707","葡萄王","58","29","0","1,169","1,198","33,896","11","8","0","85","82","33,896","0","",
"1708","東鹼","8","5","0","3,048","3,051","50,361","0","0","0","0","0","50,361","0","",
"1709","和益","3","10","0","3,789","3,782","123,034","0","0","0","0","0","123,034","0","",
"1710","東聯","158","160","0","12,744","12,742","221,425","12","199","0","652","839","221,425","4","",
"1711","永光","42","52","0","6,745","6,735","136,938","0","0","0","7","7","136,938","2","",
"1712","興農","3","50","2","2,742","2,693","104,314","0","1","0","38","39","104,314","2","",
"1713","國化","5","22","0","5,236","5,219","37,737","0","0","0","0","0","37,737","0","",
"1714","和桐","277","222","0","16,860","16,915","254,206","10","0","0","17","7","254,206","1","",
"1717","長興","15","8","0","1,006","1,013","289,784","2","2","0","5","5","289,784","0","",
"1718","中纖","256","211","0","33,638","33,683","357,373","1","3","0","110","112","357,373","2","",
"1720","生達","451","353","0","3,876","3,974","44,674","11","10","0","41","40","44,674","10","",
"1721","三晃","2","6","5","6,219","6,210","49,949","0","2","0","3","5","49,949","0","",
"1722","台肥","28","79","0","8,532","8,481","245,000","0","0","0","5","5","245,000","1","",
"1723","中碳","18","26","0","1,517","1,509","59,226","0","0","0","28","28","59,226","0","",
"1724","台硝","0","0","0","741","741","31,953","0","0","0","0","0","31,953","0","",
"1725","元禎","1","0","0","408","409","45,457","0","0","0","0","0","45,457","0","",
"1726","永記","0","29","0","402","373","40,500","0","0","0","0","0","40,500","0","",
"1727","中華化","0","2","0","866","864","27,562","0","0","0","0","0","27,562","0","",
"1730","花仙子","1","0","0","143","144","14,674","0","0","0","0","0","14,674","0","",
"1731","美吾華","11","18","0","3,313","3,306","33,228","0","0","0","1","1","33,228","0","",
"1732","毛寶","0","0","0","341","341","0","0","0","0","0","0","0","0","OX",
"1733","五鼎","17","17","2","2,259","2,257","24,931","0","1","0","6","7","24,931","0","",
"1734","杏輝","52","66","2","2,578","2,562","41,930","0","0","0","4","4","41,930","0","",
"1735","日勝化","37","55","0","717","699","24,847","0","0","0","0","0","24,847","0","",
"1736","喬山","5","1","0","1,544","1,548","76,004","1","0","0","1","0","76,004","6","",
"1737","臺鹽","43","93","0","1,094","1,044","50,000","0","0","0","3","3","50,000","0","",
"1762","中化生","14","20","0","1,844","1,838","19,390","0","1","0","0","1","19,390","0","",
"1773","勝一","1","1","0","516","516","37,500","0","0","0","0","0","37,500","0","",
"1776","展宇","0","0","0","83","83","17,390","0","0","0","0","0","17,390","0","",
"1783","和康生","728","643","0","4,842","4,927","17,711","6","41","0","64","99","17,711","64","",
"1786","科妍","224","235","1","4,834","4,822","13,275","104","86","0","468","450","13,275","28","",
"1789","神隆","56","34","0","7,248","7,270","197,684","20","1","0","21","2","197,684","7","",
"1802","台玻","460","383","0","10,540","10,617","727,015","1","7","0","164","170","727,015","5","",
"1805","寶徠","0","0","0","0","0","0","0","0","0","0","0","0","0","OX",
"1806","冠軍","5","26","3","5,806","5,782","109,333","0","0","0","0","0","109,333","0","",
"1808","潤隆","104","340","0","4,842","4,606","61,118","2","0","0","32","30","61,118","2","",
"1809","中釉","16","35","1","4,821","4,801","41,760","0","0","0","0","0","41,760","4","",
"1810","和成","36","20","0","23,051","23,067","92,463","0","0","0","1","1","92,463","0","",
"1817","凱撒衛","1","0","0","790","791","18,150","0","0","0","3","3","18,150","0","",
"1902","台紙","13","4","0","9,467","9,476","100,500","0","0","0","36","36","100,500","0","",
"1903","士紙","3","0","0","2,158","2,161","65,009","0","0","0","10","10","65,009","0","",
"1904","正隆","378","273","0","17,569","17,674","277,068","0","3","0","7","10","277,068","0","",
"1905","華紙","40","60","0","12,951","12,931","275,708","5","3","0","5","3","275,708","1","",
"1906","寶隆","9","64","100","6,721","6,566","37,750","2","0","0","47","45","37,750","3","",
"1907","永豐餘","90","154","0","24,632","24,568","415,092","1","0","0","15","14","415,092","0","",
"1909","榮成","91","90","20","22,821","22,802","283,421","74","17","0","343","286","283,421","6","",
"2002","中鋼","138","60","1","9,589","9,666","3,933,715","1","0","0","44","43","3,933,715","0","",
"2006","東和鋼鐵","58","0","0","2,244","2,302","251,015","0","0","0","0","0","251,015","1","",
"2007","燁興","0","0","0","0","0","0","0","0","0","0","0","0","0","OX",
"2008","高興昌","0","0","0","497","497","50,213","0","0","0","0","0","50,213","0","",
"2009","第一銅","175","123","0","8,377","8,429","89,905","0","0","0","3","3","89,905","0","",
"2010","春源","12","16","0","2,765","2,761","161,913","0","0","0","0","0","161,913","0","",
"2012","春雨","0","16","0","782","766","71,943","0","0","0","1","1","71,943","0","",
"2013","中鋼構","980","1,617","16","7,348","6,695","50,000","71","487","0","230","646","50,000","77","",
"2014","中鴻","0","0","0","0","0","0","0","0","0","0","0","0","0","OX",
"2015","豐興","0","3","0","101","98","145,399","0","0","0","1","1","145,399","0","",
"2017","官田鋼","110","73","5","12,087","12,119","81,786","0","0","0","7","7","81,786","0","",
"2020","美亞","36","26","0","5,541","5,551","57,631","0","0","0","2","2","57,631","0","",
"2022","聚亨","0","0","0","0","0","0","0","0","0","0","0","0","0","OX",
"2023","燁輝","8","29","12","22,539","22,506","455,294","2","2","0","15","15","455,294","0","",
"2024","志聯","51","107","0","3,541","3,485","24,375","0","0","0","15","15","24,375","2","",
"2025","千興","0","0","0","0","0","0","0","0","0","0","0","0","0","OX",
"2027","大成鋼","4,149","3,467","10","36,533","37,205","236,487","721","526","0","2,845","2,650","236,487","68","",
"2028","威致","0","0","0","0","0","0","0","0","0","0","0","0","0","OX",
"2029","盛餘","1","6","0","1,944","1,939","80,295","0","0","0","6","6","80,295","0","",
"2030","彰源","191","103","0","9,923","10,011","71,631","0","250","0","267","517","71,631","0","",
"2031","新光鋼","2,184","1,273","0","21,294","22,205","76,548","78","230","0","2,303","2,455","76,548","119","",
"2032","新鋼","37","31","0","2,770","2,776","32,630","0","0","0","0","0","32,630","1","",
"2033","佳大","43","23","0","2,158","2,178","20,173","30","0","0","94","64","20,173","0","",
"2034","允強","17","11","0","3,499","3,505","101,782","0","0","0","0","0","101,782","0","",
"2038","海光","730","1,246","1","11,398","10,881","45,316","151","37","0","435","321","45,316","70","",
"2049","上銀","414","412","1","3,671","3,672","70,039","7","100","0","225","318","70,039","26","",
"2059","川湖","1","7","0","411","405","23,824","0","0","0","0","0","23,824","0","",
"2062","橋椿","12","18","0","3,966","3,960","40,910","0","0","0","1","1","40,910","0","",
"2069","運錩","7","9","0","3,446","3,444","35,484","0","0","0","49","49","35,484","0","",
"2101","南港","14","4","0","29,748","29,758","208,483","0","0","0","10","10","208,483","0","",
"2102","泰豐","151","18","0","9,630","9,763","118,332","0","0","0","31","31","118,332","0","",
"2103","台橡","17","117","0","5,394","5,294","206,427","10","2","0","27","19","206,427","0","",
"2104","中橡","82","160","0","11,902","11,824","157,146","2","3","0","22","23","157,146","0","",
"2105","正新","20","68","0","5,252","5,204","810,353","2","130","0","102","230","810,353","1","",
"2106","建大","7","10","0","1,512","1,509","218,607","0","49","0","124","173","218,607","0","",
"2107","厚生","17","2","5","2,076","2,086","92,500","0","0","0","1","1","92,500","0","",
"2108","南帝","55","6","0","1,431","1,480","117,242","0","0","0","2","2","117,242","0","",
"2109","華豐","0","252","0","10,857","10,605","0","0","0","0","0","0","0","0","OX",
"2114","鑫永銓","0","1","0","383","382","16,881","0","0","0","0","0","16,881","0","",
"2115","六暉-KY","0","0","0","899","899","20,491","0","0","0","0","0","20,491","0","",
"2201","裕隆","96","278","0","12,854","12,672","393,229","0","0","0","46","46","393,229","0","",
"2204","中華","36","3","0","1,269","1,302","346,012","0","0","0","1","1","346,012","0","",
"2206","三陽工業","5","31","0","26,048","26,022","217,148","0","3","0","12","15","217,148","0","",
"2207","和泰車","6","3","0","332","335","136,544","0","4","0","21","25","136,544","0","",
"2208","台船","0","1","0","145","144","0","0","0","0","0","0","0","0","OX",
"2228","劍麟","2","3","0","1,349","1,348","18,945","4","1","0","5","2","18,945","0","",
"2231","為升","429","122","1","3,442","3,748","25,296","110","185","0","301","376","25,296","32","",
"2236","百達-KY","13","0","0","1,379","1,392","9,557","0","0","0","0","0","9,557","0","",
"2239","英利-KY","3","3","8","1,947","1,939","27,500","0","0","0","32","32","27,500","0","",
"2243","宏旭-KY","0","0","0","0","0","10,400","0","0","0","0","0","10,400","0","",
"2301","光寶科","222","44","0","7,668","7,846","587,716","49","185","0","164","300","587,716","5","",
"2302","麗正","0","40","0","2,458","2,418","0","0","0","0","0","0","0","0","OX",
"2303","聯電","1,260","4,081","5","69,580","66,754","3,156,079","3,232","212","1","4,668","1,647","3,156,079","53","",
"2305","全友","174","247","0","7,620","7,547","42,355","76","1","0","284","209","42,355","1","",
"2308","台達電","423","113","0","8,418","8,728","649,385","39","67","0","241","269","649,385","1","",
"2312","金寶","119","167","0","27,329","27,281","363,914","34","2","0","49","17","363,914","1","",
"2313","華通","429","378","2","44,185","44,234","297,955","324","134","1","1,085","894","297,955","23","",
"2314","台揚","36","53","0","12,443","12,426","40,667","1","4","0","25","28","40,667","1","",
"2316","楠梓電","29","53","0","7,132","7,108","56,401","0","21","0","0","21","56,401","1","",
"2317","鴻海","1,608","2,531","113","99,987","98,951","4,332,184","78","143","0","1,376","1,441","4,332,184","23","",
"2321","東訊","0","0","0","0","0","0","0","0","0","0","0","0","0","OX",
"2323","中環","2,091","2,400","1","70,143","69,833","457,661","154","70","0","3,253","3,169","457,661","496","",
"2324","仁寶","749","176","0","21,372","21,945","1,104,797","31","42","0","67","78","1,104,797","0","",
"2327","國巨","824","709","0","6,615","6,730","87,684","214","261","4","1,930","1,973","87,684","22","",
"2328","廣宇","137","402","25","27,090","26,800","129,586","61","7","0","257","203","129,586","0","",
"2329","華泰","0","0","0","0","0","0","0","0","0","0","0","0","0","OX",
"2330","台積電","767","1,448","147","17,751","16,923","6,482,595","58","142","0","680","764","6,482,595","2","",
"2331","精英","66","60","70","31,956","31,892","139,350","0","2","0","27","29","139,350","0","",
"2332","友訊","337","310","1","51,520","51,546","162,999","4","0","2","43","37","162,999","0","",
"2337","旺宏","2,074","3,416","7","48,324","46,975","451,180","895","1,452","0","7,380","7,937","451,180","271","",
"2338","光罩","110","111","3","29,809","29,805","63,178","22","6","0","197","181","63,178","0","",
"2340","光磊","326","75","0","16,985","17,236","111,359","17","2","0","56","41","111,359","11","",
"2342","茂矽","91","100","0","1,841","1,832","18,785","15","8","0","94","87","18,785","2","",
"2344","華邦電","1,492","2,800","15","101,978","100,655","995,000","3,040","829","0","4,769","2,558","995,000","24","",
"2345","智邦","1,277","4,887","72","25,913","22,231","139,064","217","166","0","769","718","139,064","44","",
"2347","聯強","102","45","0","3,885","3,942","416,986","16","0","0","45","29","416,986","0","",
"2348","海悅","34","5","0","681","710","21,400","0","0","0","1","1","21,400","0","",
"2349","錸德","0","0","0","0","0","0","0","0","0","0","0","0","0","OX",
"2351","順德","105","35","0","4,074","4,144","45,535","25","11","0","208","194","45,535","1","",
"2352","佳世達","1,117","2,504","0","46,699","45,312","491,695","129","301","0","506","678","491,695","30","",
"2353","宏��","658","837","0","70,031","69,852","769,125","215","2,656","0","3,001","5,442","769,125","29","",
"2354","鴻準","140","31","7","18,699","18,801","353,621","16","6","0","83","73","353,621","1","",
"2355","敬鵬","146","16","33","5,786","5,883","99,373","6","263","0","142","399","99,373","0","",
"2356","英業達","49","77","3","16,487","16,456","896,868","4","0","0","119","115","896,868","4","",
"2357","華碩","18","2","0","401","417","185,690","2","0","0","7","5","185,690","0","",
"2358","廷鑫","121","46","13","1,550","1,612","16,985","0","0","0","0","0","16,985","0","",
"2359","所羅門","59","52","1","12,246","12,252","42,867","48","15","0","245","212","42,867","0","",
"2360","致茂","367","13","0","3,333","3,687","103,251","92","19","0","221","148","103,251","2","",
"2362","藍天","34","46","0","12,476","12,464","170,790","0","0","0","3","3","170,790","1","",
"2363","矽統","631","190","50","36,085","36,476","140,015","79","2","0","300","223","140,015","11","",
"2364","倫飛","0","0","0","0","0","0","0","0","0","0","0","0","0","OX",
"2365","昆盈","34","21","0","4,889","4,902","60,884","0","0","0","6","6","60,884","0","",
"2367","燿華","1,702","1,717","103","58,519","58,401","151,815","526","464","100","3,763","3,601","151,815","56","",
"2368","金像電","142","55","3","22,198","22,282","138,061","6","0","0","32","26","138,061","7","",
"2369","菱生","61","162","0","13,815","13,714","95,025","0","0","0","15","15","95,025","0","",
"2371","大同","5,440","4,495","100","248,635","249,480","584,884","653","924","0","5,824","6,095","584,884","35","",
"2373","震旦行","0","5","0","198","193","59,050","0","0","0","0","0","59,050","0","",
"2374","佳能","16","78","0","5,822","5,760","70,591","28","12","0","48","32","70,591","0","",
"2375","智寶","121","261","0","7,696","7,556","22,879","58","88","3","483","510","22,879","5","",
"2376","技嘉","105","229","4","7,618","7,490","158,922","246","225","0","1,913","1,892","158,922","16","",
"2377","微星","300","366","5","7,727","7,656","211,214","100","119","0","1,490","1,509","211,214","7","",
"2379","瑞昱","25","322","0","4,812","4,515","127,023","49","118","0","206","275","127,023","7","",
"2380","虹光","31","36","0","26,215","26,210","52,055","0","0","0","0","0","52,055","0","",
"2382","廣達","316","152","6","6,455","6,613","965,656","57","116","0","222","281","965,656","1","",
"2383","台光電","246","440","0","9,192","8,998","79,913","232","24","0","634","426","79,913","26","",
"2385","群光","2","2","0","1,155","1,155","180,151","1","0","0","1","0","180,151","0","",
"2387","精元","85","11","0","4,706","4,780","55,274","0","0","0","10","10","55,274","0","",
"2388","威盛","0","0","0","0","0","0","0","0","0","0","0","0","0","OX",
"2390","云辰","101","93","0","18,010","18,018","53,505","0","7","0","9","16","53,505","22","",
"2392","正崴","73","113","0","6,433","6,393","128,081","1","17","0","108","124","128,081","1","",
"2393","億光","28","16","0","7,461","7,473","110,134","5","13","0","133","141","110,134","0","",
"2395","研華","15","12","0","518","521","174,364","3","0","0","11","8","174,364","0","",
"2397","友通","11","10","0","756","757","28,672","0","0","0","0","0","28,672","0","",
"2399","映泰","1,740","1,052","3","17,980","18,665","44,525","317","302","0","2,287","2,272","44,525","138","",
"2401","凌陽","378","218","40","21,374","21,494","147,998","28","1","0","154","127","147,998","7","",
"2402","毅嘉","21","10","0","14,674","14,685","83,912","17","0","0","160","143","83,912","0","",
"2404","漢唐","32","31","0","1,623","1,624","59,558","8","0","0","10","2","59,558","1","",
"2405","浩鑫","789","681","11","35,961","36,058","84,856","126","1,789","1","3,393","5,055","84,856","10","",
"2406","國碩","197","134","1","25,595","25,657","84,764","272","227","0","1,512","1,467","84,764","0","",
"2408","南亞科","420","1,046","30","21,263","20,607","764,904","181","160","0","4,659","4,638","764,904","9","",
"2409","友達","4,221","1,547","2","207,627","210,299","2,406,061","805","160","0","8,142","7,497","2,406,061","14","",
"2412","中華電","91","8","0","783","866","1,939,361","0","0","0","51","51","1,939,361","0","",
"2413","環科","134","44","0","7,266","7,356","31,839","5","1","0","34","30","31,839","0","",
"2414","精技","1","10","0","559","550","40,433","0","0","0","0","0","40,433","0","",
"2415","錩新","8","0","0","3,810","3,818","20,000","0","0","0","8","8","20,000","0","",
"2417","圓剛","88","17","2","9,221","9,290","48,223","0","0","0","0","0","48,223","0","",
"2419","仲琦","45","78","0","17,829","17,796","61,617","2","4","0","597","599","61,617","2","",
"2420","新巨","2","1","0","1,169","1,170","38,162","0","0","0","1","1","38,162","0","",
"2421","建準","262","75","1","6,973","7,159","62,732","20","19","0","418","417","62,732","5","",
"2423","固緯","0","1","0","1,325","1,324","36,261","0","0","0","4","4","36,261","0","",
"2424","隴華","3","0","0","492","495","7,500","0","0","0","0","0","7,500","0","",
"2425","承啟","511","423","0","9,215","9,303","27,312","55","98","0","1,037","1,080","27,312","2","",
"2426","鼎元","179","82","2","14,925","15,020","75,155","1","3","0","117","119","75,155","0","",
"2427","三商電","38","67","0","9,576","9,547","46,078","0","0","0","11","11","46,078","0","",
"2428","興勤","52","26","0","6,465","6,491","32,028","2","0","0","35","33","32,028","0","",
"2429","銘旺科","0","0","0","0","0","0","0","0","0","0","0","0","0","OX",
"2430","燦坤","54","62","0","728","720","41,865","0","0","0","0","0","41,865","0","",
"2431","聯昌","32","8","0","5,479","5,503","27,731","0","0","0","22","22","27,731","0","",
"2433","互盛電","18","18","0","109","109","36,124","0","0","0","0","0","36,124","0","",
"2434","統懋","0","0","0","0","0","0","0","0","0","0","0","0","0","OX",
"2436","偉詮電","54","85","0","18,428","18,397","55,643","10","39","0","105","134","55,643","1","",
"2438","翔耀","0","0","0","0","0","0","0","0","0","0","0","0","0","OX",
"2439","美律","593","809","21","10,386","10,149","50,202","465","429","0","2,366","2,330","50,202","40","",
"2440","太空梭","0","0","0","0","0","0","0","0","0","0","0","0","0","OX",
"2441","超豐","0","34","42","720","644","142,211","0","0","0","0","0","142,211","0","",
"2442","新美齊","26","24","0","8,815","8,817","58,009","0","0","0","3","3","58,009","0","",
"2443","新利虹","0","0","0","3,226","3,226","0","0","0","0","0","0","0","0","OX",
"2444","友旺","455","210","0","19,194","19,439","22,353","69","28","0","949","908","22,353","2","@",
"2448","晶電","2,294","4,340","20","70,315","68,249","272,175","443","3,880","2","3,730","7,165","272,175","105","",
"2449","京元電子","21","93","0","7,335","7,263","305,686","183","14","0","428","259","305,686","2","",
"2450","神腦","2","7","0","360","355","64,563","0","0","0","0","0","64,563","0","",
"2451","創見","2","3","0","2,896","2,895","107,690","0","0","0","3","3","107,690","0","",
"2453","凌群","43","13","0","3,497","3,527","25,000","0","0","0","0","0","25,000","0","",
"2454","聯發科","310","517","6","8,579","8,366","395,363","172","267","0","651","746","395,363","14","",
"2455","全新","942","645","20","25,819","26,096","46,226","585","268","0","3,429","3,112","46,226","15","",
"2456","奇力新","1,332","764","5","15,575","16,138","59,462","410","171","93","8,839","8,507","59,462","21","",
"2457","飛宏","135","189","58","23,594","23,482","84,422","0","3","0","34","37","84,422","0","",
"2458","義隆","132","37","1","15,470","15,564","108,528","19","13","0","116","110","108,528","4","",
"2459","敦吉","0","6","0","1,078","1,072","26,825","0","0","0","0","0","26,825","0","",
"2460","建通","18","15","0","9,202","9,205","42,300","0","0","0","53","53","42,300","0","",
"2461","光群雷","27","42","0","14,217","14,202","41,331","0","0","0","30","30","41,331","0","",
"2462","良得電","241","61","0","11,060","11,240","28,621","6","0","0","44","38","28,621","0","",
"2464","盟立","57","129","2","7,996","7,922","48,882","42","6","1","73","36","48,882","1","",
"2465","麗臺","0","8","0","2,813","2,805","0","0","0","0","0","0","0","0","OX",
"2466","冠西電","40","39","0","4,116","4,117","37,326","2","0","0","15","13","37,326","0","",
"2467","志聖","115","84","0","8,080","8,111","39,686","0","5","0","10","15","39,686","0","",
"2468","華經","9","10","0","2,101","2,100","17,490","0","0","0","0","0","17,490","2","",
"2471","資通","4","24","0","1,046","1,026","11,813","0","0","0","0","0","11,813","0","",
"2472","立隆電","505","312","0","7,695","7,888","32,798","93","94","0","588","589","32,798","11","",
"2474","可成","365","410","4","10,289","10,240","192,597","55","464","0","644","1,053","192,597","26","",
"2475","華映","0","0","0","0","0","0","0","0","0","0","0","0","0","OX",
"2476","鉅祥","125","87","0","2,209","2,247","46,242","5","0","0","5","0","46,242","3","",
"2477","美隆電","32","15","20","6,559","6,556","49,554","4","2","0","72","70","49,554","0","",
"2478","大毅","2,129","2,243","1","11,922","11,807","47,919","1,101","446","1","3,788","3,132","47,919","59","",
"2480","敦陽科","72","140","0","1,931","1,863","26,590","10","0","0","15","5","26,590","1","",
"2481","強茂","1,061","1,486","0","17,005","16,580","92,448","288","474","0","2,929","3,115","92,448","48","",
"2482","連宇","5","10","0","4,991","4,986","15,518","0","0","0","0","0","15,518","0","",
"2483","百容","11","6","0","2,934","2,939","27,654","0","0","0","10","10","27,654","2","",
"2484","希華","5","3","0","8,085","8,087","39,855","0","0","0","2","2","39,855","0","",
"2485","兆赫","180","91","10","21,456","21,535","79,422","0","2","0","46","48","79,422","0","",
"2486","一詮","37","14","0","7,797","7,820","51,313","0","0","0","1","1","51,313","0","",
"2488","漢平","16","29","5","4,004","3,986","19,999","1","19","0","22","40","19,999","0","",
"2489","瑞軒","74","175","6","8,984","8,877","208,590","11","3","0","161","153","208,590","0","",
"2491","吉祥全","0","0","0","0","0","0","0","0","0","0","0","0","0","OX",
"2492","華新科","1,714","2,780","0","10,321","9,255","121,450","331","725","0","2,187","2,581","121,450","117","",
"2493","揚博","1","3","0","2,024","2,022","28,609","0","0","0","3","3","28,609","0","",
"2495","普安","12","5","0","1,967","1,974","69,920","0","0","0","4","4","69,920","0","",
"2496","卓越","28","15","0","628","641","1,384","0","0","0","3","3","1,384","0","",
"2497","怡利電","0","2","6","2,236","2,228","29,699","4","0","0","10","6","29,699","0","",
"2498","宏達電","1,526","2,099","22","40,140","39,545","205,202","530","1,035","0","1,362","1,867","205,202","109","",
"2499","東貝","24","106","0","19,300","19,218","93,378","21","8","0","918","905","93,378","0","",
"2501","國建","117","140","0","5,751","5,728","289,890","10","5","0","45","40","289,890","0","",
"2504","國產","157","41","0","17,515","17,631","346,250","0","0","0","0","0","346,250","0","",
"2505","國揚","3","0","0","3,629","3,632","144,145","0","0","0","1","1","144,145","0","",
"2506","太設","15","15","0","2,805","2,805","75,125","0","0","0","0","0","75,125","0","",
"2509","全坤建","8","55","0","9,168","9,121","37,938","1","0","0","14","13","37,938","0","",
"2511","太子","3","9","0","2,914","2,908","405,831","0","0","0","5","5","405,831","0","",
"2514","龍邦","10","27","0","18,823","18,806","123,393","0","0","0","7","7","123,393","0","",
"2515","中工","594","570","18","66,161","66,167","382,724","0","0","0","153","153","382,724","6","",
"2516","新建","0","2","0","7,533","7,531","0","0","0","0","0","0","0","0","OX",
"2520","冠德","97","52","2","21,121","21,164","125,947","0","3","0","1","4","125,947","0","",
"2524","京城","11","0","0","1,446","1,457","96,067","0","0","0","0","0","96,067","0","",
"2527","宏璟","47","13","0","6,007","6,041","67,576","1","0","0","15","14","67,576","0","",
"2528","皇普","0","10","0","1,605","1,595","0","0","0","0","12","12","0","0","OX",
"2530","華建","57","2","0","29,174","29,229","67,688","0","0","0","1","1","67,688","0","",
"2534","宏盛","290","497","1","29,794","29,586","154,371","0","7","0","30","37","154,371","3","",
"2535","達欣工","185","456","0","6,051","5,780","58,595","0","25","0","5,363","5,388","58,595","0","",
"2536","宏普","4","6","0","4,108","4,106","83,202","0","0","0","0","0","83,202","0","",
"2537","聯上發","51","0","0","11,179","11,230","75,139","0","0","0","0","0","75,139","0","",
"2538","基泰","1,128","1,074","5","7,725","7,774","109,612","10","0","0","11","1","109,612","29","",
"2539","櫻花建","0","0","0","33","33","94,500","0","0","0","0","0","94,500","0","",
"2540","愛山林","3","7","0","126","122","36,650","0","0","0","0","0","36,650","0","",
"2542","興富發","50","121","0","6,274","6,203","291,656","1","4","0","76","79","291,656","0","",
"2543","皇昌","0","1","0","8,293","8,292","60,495","0","0","0","0","0","60,495","0","",
"2545","皇翔","4","2","10","3,527","3,519","81,933","1","0","0","32","31","81,933","0","",
"2546","根基","2","5","0","334","331","26,508","0","0","0","0","0","26,508","0","",
"2547","日勝生","0","209","23","8,897","8,665","0","0","0","0","0","0","0","0","OX",
"2548","華固","23","59","0","763","727","69,203","0","0","0","8","8","69,203","0","",
"2597","潤弘","6","24","0","346","328","33,750","0","0","0","3","3","33,750","0","",
"2601","益航","5,684","6,751","12","43,159","42,080","157,720","57","317","0","516","776","157,720","918","",
"2603","長榮","3,038","3,328","7","80,679","80,382","1,003,088","45","90","0","317","362","1,003,088","3","",
"2605","新興","100","139","0","8,532","8,493","142,076","0","0","0","0","0","142,076","0","",
"2606","裕民","77","432","0","4,875","4,520","211,263","3","9","0","51","57","211,263","2","",
"2607","榮運","64","5","0","7,293","7,352","266,785","0","0","0","0","0","266,785","0","",
"2608","大榮","0","17","0","908","891","116,750","0","0","0","0","0","116,750","0","",
"2609","陽明","572","607","150","49,125","48,940","475,985","110","9","0","1,214","1,113","475,985","0","",
"2610","華航","928","351","0","18,822","19,399","1,367,746","100","190","0","265","355","1,367,746","5","",
"2611","志信","26","6","0","7,537","7,557","44,498","0","0","0","0","0","44,498","0","",
"2612","中航","14","6","13","4,248","4,243","49,371","2","0","0","12","10","49,371","0","",
"2613","中櫃","5","0","0","2,013","2,018","30,855","0","0","0","0","0","30,855","0","",
"2614","東森","283","74","0","5,002","5,211","173,996","0","12","0","17","29","173,996","0","",
"2615","萬海","106","51","0","9,991","10,046","554,574","0","0","0","0","0","554,574","1","",
"2616","山隆","0","17","0","296","279","33,493","0","0","0","0","0","33,493","0","",
"2617","台航","592","212","0","3,024","3,404","104,323","0","6","0","0","6","104,323","3","",
"2618","長榮航","1,012","1,036","0","27,547","27,523","1,043,362","1","473","1","287","758","1,043,362","1","",
"2633","台灣高鐵","7","41","0","5,813","5,779","657,073","2","0","0","25","23","657,073","0","",
"2634","漢翔","61","73","2","3,156","3,142","235,466","0","0","0","10","10","235,466","0","",
"2636","台驊投控","24","25","0","4,868","4,867","29,641","0","0","0","0","0","29,641","0","",
"2637","慧洋-KY","23","32","0","5,072","5,063","154,176","0","2","0","309","311","154,176","0","",
"2642","宅配通","2","0","0","960","962","23,866","0","0","0","9","9","23,866","0","",
"2701","萬企","0","1","0","123","122","109,694","0","0","0","0","0","109,694","0","",
"2702","華園","8","15","0","688","681","25,575","0","0","0","0","0","25,575","0","",
"2704","國賓","0","0","0","189","189","91,730","0","0","0","0","0","91,730","0","",
"2705","六福","127","4","0","7,153","7,276","84,789","3","0","0","6","3","84,789","0","",
"2706","第一店","0","0","0","798","798","121,630","0","0","0","0","0","121,630","0","",
"2707","晶華","0","0","0","333","333","31,686","0","0","0","0","0","31,686","0","",
"2712","遠雄來","0","29","0","92","63","26,250","0","0","0","0","0","26,250","0","",
"2722","夏都","0","0","0","65","65","26,808","0","0","0","0","0","26,808","0","",
"2723","美食-KY","9","16","0","332","325","40,748","3","1","0","15","13","40,748","0","",
"2727","王品","5","0","0","2,026","2,031","19,246","24","0","0","99","75","19,246","0","",
"2731","雄獅","25","0","0","449","474","17,500","0","0","0","2","2","17,500","0","",
"2739","寒舍","3","1","21","402","383","27,881","0","0","0","5","5","27,881","0","",
"2748","雲品","1","0","0","830","831","16,409","0","0","0","6","6","16,409","0","",
"2801","彰銀","95","7","6","5,264","5,346","1,822,681","1","0","0","15","14","1,822,681","0","",
"2809","京城銀","30","29","0","1,576","1,577","287,808","0","0","0","0","0","287,808","0","",
"2812","台中銀","41","54","0","7,153","7,140","823,294","0","0","0","7","7","823,294","0","",
"2816","旺旺保","39","45","0","3,409","3,403","53,240","1","0","0","1","0","53,240","0","",
"2820","華票","35","0","0","881","916","335,740","0","0","0","6","6","335,740","0","",
"2823","中壽","343","264","10","17,013","17,082","946,599","1","0","0","38","37","946,599","0","",
"2832","台產","0","0","0","473","473","90,550","0","0","0","0","0","90,550","0","",
"2834","臺企銀","1,187","818","1","29,702","30,070","1,536,990","0","3,446","0","223","3,669","1,536,990","4","",
"2836","高雄銀","24","4","0","4,831","4,851","250,805","0","0","0","0","0","250,805","0","",
"2838","聯邦銀","3","13","0","3,356","3,346","651,288","0","0","0","0","0","651,288","0","",
"2841","台開","168","80","86","15,472","15,474","190,235","0","0","0","3","3","190,235","0","",
"2845","遠東銀","65","130","0","5,336","5,271","795,732","0","0","0","0","0","795,732","0","",
"2849","安泰銀","0","0","0","382","382","223,699","0","0","0","0","0","223,699","0","",
"2850","新產","8","49","0","452","411","78,990","0","1","0","4","5","78,990","0","",
"2851","中再保","0","5","0","612","607","140,568","0","0","0","0","0","140,568","0","",
"2852","第一保","5","5","0","655","655","75,290","0","0","0","0","0","75,290","0","",
"2855","統一證","9","29","0","5,759","5,739","347,607","0","0","0","0","0","347,607","0","",
"2856","元富證","110","675","50","14,656","14,041","399,902","107","5","3","345","240","399,902","0","",
"2867","三商壽","217","31","0","13,976","14,162","480,114","1","0","0","2","1","480,114","0","",
"2880","華南金","0","10","1","6,796","6,785","2,761,629","0","0","0","5","5","2,761,629","0","",
"2881","富邦金","135","240","0","14,540","14,435","2,558,400","3","43","0","287","327","2,558,400","1","",
"2882","國泰金","537","537","0","14,472","14,472","3,140,802","28","22","0","233","227","3,140,802","2","",
"2883","開發金","2,015","2,522","2","53,857","53,348","3,744,350","10","80","0","151","221","3,744,350","1","",
"2884","玉山金","499","218","0","5,417","5,698","2,546,375","40","18","0","240","218","2,546,375","0","",
"2885","元大金","68","776","0","19,156","18,448","2,955,058","1","1","0","157","157","2,955,058","31","",
"2886","兆豐金","35","26","0","3,395","3,404","3,399,955","0","1","0","14","15","3,399,955","1","",
"2887","台新金","163","147","0","19,588","19,604","2,497,181","25","0","0","28","3","2,497,181","0","",
"2888","新光金","2,594","2,118","0","150,192","150,668","2,660,308","43","465","0","7,780","8,202","2,660,308","56","",
"2889","國票金","541","44","0","3,808","4,305","696,666","0","0","0","1","1","696,666","0","",
"2890","永豐金","106","402","0","10,327","10,031","2,762,513","1","0","0","12","11","2,762,513","1","",
"2891","中信金","278","35","5","14,862","15,100","4,874,247","20","41","0","110","131","4,874,247","2","",
"2892","第一金","21","299","0","6,111","5,833","3,054,098","0","1","0","28","29","3,054,098","0","",
"2897","王道銀行","4","1","0","1,132","1,135","603,251","0","0","0","0","0","603,251","0","",
"2901","欣欣","11","5","0","2,651","2,657","18,260","0","0","0","0","0","18,260","0","",
"2903","遠百","281","182","0","3,809","3,908","354,235","4","3","0","139","138","354,235","2","",
"2904","匯僑","0","5","0","108","103","17,258","0","0","0","0","0","17,258","0","",
"2905","三商","36","22","10","4,947","4,951","191,364","0","0","0","8","8","191,364","0","",
"2906","高林","0","0","0","929","929","52,277","0","0","0","0","0","52,277","0","",
"2908","特力","1","0","0","7,962","7,963","127,471","0","0","0","2","2","127,471","0","",
"2910","統領","0","0","0","10","10","52,181","0","0","0","0","0","52,181","1","",
"2911","麗嬰房","95","117","0","3,692","3,670","51,081","0","2","0","38","40","51,081","1","",
"2912","統一超","16","3","0","388","401","259,905","0","0","0","2","2","259,905","0","",
"2913","農林","72","40","0","11,884","11,916","176,687","0","0","0","2","2","176,687","0","",
"2915","潤泰全","195","116","22","15,769","15,826","235,358","2","8","0","44","50","235,358","0","",
"2929","淘帝-KY","31","44","0","3,858","3,845","19,677","1","0","0","1","0","19,677","0","",
"2936","客思達-KY","0","0","0","404","404","19,138","0","0","0","0","0","19,138","0","",
"3002","歐格","0","0","0","2,722","2,722","25,500","8","0","0","16","8","25,500","0","",
"3003","健和興","38","8","0","4,235","4,265","38,913","14","4","0","48","38","38,913","0","",
"3004","豐達科","55","22","17","4,056","4,072","13,161","0","0","0","0","0","13,161","0","",
"3005","神基","61","33","0","5,363","5,391","145,779","1","1","0","44","44","145,779","0","",
"3006","晶豪科","198","287","0","21,797","21,708","71,439","34","1","0","551","518","71,439","7","",
"3008","大立光","36","80","0","992","948","33,535","1","23","0","80","102","33,535","0","",
"3010","華立","10","11","0","1,695","1,694","57,847","0","0","0","1","1","57,847","0","",
"3011","今皓","282","173","0","6,559","6,668","28,179","2","6","0","13","17","28,179","1","",
"3013","晟銘電","32","25","3","11,948","11,952","42,483","0","0","0","18","18","42,483","0","",
"3014","聯陽","21","23","20","3,288","3,266","40,330","0","0","0","5","5","40,330","0","",
"3015","全漢","22","10","0","3,343","3,355","48,065","0","0","0","0","0","48,065","0","",
"3016","嘉晶","430","288","0","11,449","11,591","65,458","61","71","0","617","627","65,458","5","",
"3017","奇鋐","156","244","18","18,284","18,178","88,327","4","12","0","10","18","88,327","6","",
"3018","同開","377","396","8","12,201","12,174","14,872","26","9","0","450","433","14,872","0","@",
"3019","亞光","550","713","6","24,838","24,669","70,270","632","829","0","2,454","2,651","70,270","111","",
"3021","鴻名","12","1","0","2,357","2,368","23,953","5","0","0","5","0","23,953","0","",
"3022","威強電","28","60","0","4,290","4,258","82,078","0","0","0","25","25","82,078","0","",
"3023","信邦","26","40","0","3,364","3,350","56,354","6","28","0","155","177","56,354","0","",
"3024","憶聲","0","0","10","2,198","2,188","0","0","0","0","0","0","0","0","OX",
"3025","星通","1","2","0","5,070","5,069","17,730","0","0","0","7","7","17,730","0","",
"3026","禾伸堂","1,402","1,361","1","7,781","7,821","39,497","537","147","1","2,205","1,814","39,497","35","",
"3027","盛達","0","16","7","5,047","5,024","24,773","0","0","0","6","6","24,773","0","",
"3028","增你強","20","5","0","1,043","1,058","53,456","0","0","0","6","6","53,456","0","",
"3029","零壹","62","53","13","6,303","6,299","30,670","1","0","0","28","27","30,670","2","",
"3030","德律","232","319","0","6,921","6,834","59,054","19","32","0","337","350","59,054","1","",
"3031","佰鴻","52","28","0","7,496","7,520","46,668","1","0","0","14","13","46,668","0","",
"3032","偉訓","12","26","0","2,508","2,494","25,821","0","5","0","14","19","25,821","0","",
"3033","威健","131","174","0","5,620","5,577","81,573","5","0","0","133","128","81,573","0","",
"3034","聯詠","44","7","0","2,364","2,401","152,127","2","1","0","48","47","152,127","3","",
"3035","智原","611","1,136","3","11,964","11,436","62,137","454","1,075","0","2,806","3,427","62,137","76","",
"3036","文曄","58","40","57","11,892","11,853","138,136","0","1","0","11","12","138,136","0","",
"3037","欣興","856","1,291","3","55,438","55,000","380,038","13","30","0","343","360","380,038","16","",
"3038","全台","0","4","0","5,978","5,974","45,851","0","0","0","121","121","45,851","0","",
"3040","遠見","17","1","0","1,560","1,576","15,750","0","0","0","32","32","15,750","0","",
"3041","揚智","84","205","7","15,777","15,649","75,647","13","5","0","41","33","75,647","3","",
"3042","晶技","24","59","2","4,554","4,517","77,439","4","43","0","119","158","77,439","0","",
"3043","科風","0","0","0","0","0","0","0","0","0","0","0","0","0","OX",
"3044","健鼎","174","373","0","1,968","1,769","131,401","11","73","0","76","138","131,401","2","",
"3045","台灣大","10","7","0","356","359","855,208","0","0","0","1","1","855,208","0","",
"3046","建��","0","0","0","0","0","0","0","0","0","0","0","0","0","OX",
"3047","訊舟","19","4","30","10,738","10,723","50,331","0","0","0","1","1","50,331","0","",
"3048","益登","52","26","0","4,611","4,637","55,643","0","0","0","16","16","55,643","0","",
"3049","和鑫","0","0","0","0","0","0","0","0","0","0","0","0","0","OX",
"3050","鈺德","10","57","0","4,635","4,588","34,192","3","0","0","4","1","34,192","0","",
"3051","力特","0","0","0","0","0","0","0","0","0","0","0","0","0","OX",
"3052","夆典","164","71","0","3,458","3,551","58,251","0","1","0","0","1","58,251","0","",
"3054","立萬利","0","0","0","4,078","4,078","30,268","0","0","0","0","0","30,268","0","",
"3055","蔚華科","297","217","0","14,017","14,097","25,876","1","17","25","156","147","25,876","0","",
"3056","總太","825","71","6","7,195","7,943","57,922","0","0","0","8","8","57,922","1","",
"3057","喬鼎","0","0","10","4,423","4,413","0","0","0","0","0","0","0","0","OX",
"3058","立德","54","7","0","4,520","4,567","42,622","0","0","0","1","1","42,622","0","",
"3059","華晶科","406","544","0","27,958","27,820","68,447","350","44","0","950","644","68,447","45","",
"3060","銘異","6","10","2","5,979","5,973","34,840","0","9","0","82","91","34,840","0","",
"3062","建漢","77","8","0","9,932","10,001","82,187","1","0","0","7","6","82,187","0","",
"3090","日電貿","1,241","827","0","8,386","8,800","41,742","331","125","0","1,578","1,372","41,742","48","",
"3094","聯傑","44","37","0","3,915","3,922","21,163","2","0","0","21","19","21,163","0","",
"3130","一零四","0","0","0","4","4","8,298","0","0","0","0","0","8,298","0","",
"3149","正達","0","0","0","1","1","0","0","0","0","0","0","0","0","OX",
"3164","景岳","99","136","0","2,727","2,690","22,227","12","1","0","39","28","22,227","0","",
"3167","大量","29","14","0","4,695","4,710","20,033","13","0","0","54","41","20,033","0","",
"3189","景碩","103","73","0","14,883","14,913","111,500","95","81","0","559","545","111,500","6","",
"3209","全科","1","4","0","1,045","1,042","40,363","0","0","0","36","36","40,363","0","",
"3229","晟鈦","0","0","0","0","0","0","0","0","0","0","0","0","0","OX",
"3231","緯創","179","299","2","47,331","47,209","687,172","1,094","140","0","1,923","969","687,172","4","",
"3257","虹冠電","12","8","0","6,834","6,838","17,345","0","0","0","88","88","17,345","0","",
"3266","昇陽","0","0","0","3,791","3,791","88,078","0","0","0","0","0","88,078","0","",
"3296","勝德","35","31","0","6,829","6,833","24,556","1","2","0","1","2","24,556","1","",
"3305","昇貿","0","1","0","1,737","1,736","30,372","0","0","0","5","5","30,372","0","",
"3308","聯德","26","12","0","1,479","1,493","24,987","0","0","0","0","0","24,987","0","",
"3311","閎暉","14","32","0","5,817","5,799","47,345","2","0","0","11","9","47,345","0","",
"3312","弘憶股","503","19","0","2,418","2,902","27,250","0","0","0","0","0","27,250","22","",
"3321","同泰","7","14","0","2,856","2,849","22,250","0","0","0","8","8","22,250","0","",
"3338","泰碩","4","6","0","2,707","2,705","17,458","0","0","0","9","9","17,458","0","",
"3346","麗清","6","10","1","3,271","3,266","17,071","0","4","0","5","9","17,071","0","",
"3356","奇偶","297","171","0","2,708","2,834","22,358","0","5","0","127","132","22,358","17","",
"3376","新日興","91","14","16","4,968","5,029","44,681","27","4","0","63","40","44,681","0","",
"3380","明泰","105","137","5","20,361","20,324","110,988","6","12","0","1,887","1,893","110,988","3","",
"3383","新世紀","0","0","0","0","0","0","0","0","0","0","0","0","0","OX",
"3406","玉晶光","1,187","797","1","12,186","12,575","24,942","166","561","2","907","1,300","24,942","124","",
"3413","京鼎","197","153","2","6,336","6,378","19,687","20","31","0","265","276","19,687","1","",
"3416","融程電","70","7","0","2,059","2,122","15,045","0","0","0","0","0","15,045","0","",
"3419","譁裕","34","11","0","16,777","16,800","30,120","4","15","0","28","39","30,120","1","",
"3432","台端","29","54","0","3,251","3,226","16,646","0","0","0","0","0","16,646","0","",
"3437","榮創","112","61","2","9,887","9,936","37,387","6","13","0","122","129","37,387","1","",
"3443","創意","702","920","3","7,416","7,195","33,502","82","550","0","1,159","1,627","33,502","48","",
"3450","聯鈞","34","111","3","4,618","4,538","33,109","35","19","0","253","237","33,109","1","",
"3454","晶睿","1","1","0","796","796","20,626","0","0","0","0","0","20,626","0","",
"3481","群創","2,774","2,315","240","347,909","348,128","2,488,017","371","199","0","2,877","2,705","2,488,017","11","",
"3494","誠研","304","138","0","11,475","11,641","44,862","0","362","0","0","362","44,862","4","",
"3501","維熹","7","32","0","1,551","1,526","29,564","3","0","0","3","0","29,564","0","",
"3504","揚明光","187","263","0","9,837","9,761","28,514","171","70","0","1,045","944","28,514","11","",
"3514","昱晶","457","264","6","31,307","31,494","130,393","4","2","0","101","99","130,393","5","",
"3515","華擎","245","178","1","4,500","4,566","30,186","43","9","0","286","252","30,186","3","",
"3518","柏騰","18","2","0","6,820","6,836","20,188","3","0","0","24","21","20,188","0","",
"3519","綠能","232","110","5","22,286","22,403","80,462","26","223","0","237","434","80,462","6","",
"3528","安馳","0","6","0","787","781","16,017","0","0","0","0","0","16,017","0","",
"3533","嘉澤","105","69","1","4,825","4,860","23,369","16","14","0","197","195","23,369","1","",
"3535","晶彩科","22","13","0","3,831","3,840","19,763","0","0","0","9","9","19,763","0","",
"3536","誠創","0","0","0","0","0","0","0","0","0","0","0","0","0","OX",
"3545","敦泰","718","844","18","24,472","24,328","74,610","71","161","0","347","437","74,610","7","",
"3550","聯穎","26","27","0","7,152","7,151","21,250","1","5","0","13","17","21,250","0","",
"3557","嘉威","0","0","0","0","0","0","0","0","0","0","0","0","0","OX",
"3561","昇陽光電","119","41","0","14,941","15,019","85,343","5","0","0","16","11","85,343","0","",
"3576","新日光","503","333","5","44,266","44,431","234,142","5","558","0","11,853","12,406","234,142","1","",
"3579","尚志","7","30","3","4,418","4,392","28,899","1","0","0","183","182","28,899","0","",
"3583","辛耘","66","47","1","2,707","2,725","20,284","2","0","0","6","4","20,284","0","",
"3588","通嘉","15","51","0","4,089","4,053","11,829","6","0","0","13","7","11,829","0","",
"3591","艾笛森","11","3","0","5,337","5,345","32,575","0","0","0","19","19","32,575","0","",
"3593","力銘","0","0","0","0","0","0","0","0","0","0","0","0","0","OX",
"3596","智易","388","475","2","10,032","9,943","47,279","8","42","1","222","255","47,279","3","",
"3605","宏致","19","28","0","4,760","4,751","30,598","0","0","0","5","5","30,598","0","",
"3607","谷崧","13","25","0","2,148","2,136","30,415","0","0","0","27","27","30,415","0","",
"3617","碩天","5","0","0","1,177","1,182","20,237","0","0","0","0","0","20,237","0","",
"3622","洋華","96","60","21","8,187","8,202","37,831","4","0","0","56","52","37,831","0","",
"3645","達邁","385","94","0","6,820","7,111","29,869","171","46","0","357","232","29,869","20","",
"3653","健策","12","18","0","2,520","2,514","26,581","1","1","0","10","10","26,581","0","",
"3661","世芯-KY","1,372","938","0","6,593","7,027","15,376","277","110","0","2,629","2,462","15,376","57","",
"3665","貿聯-KY","221","162","0","3,517","3,576","29,641","21","5","0","267","251","29,641","1","",
"3669","圓展","6","2","0","1,514","1,518","24,370","0","0","0","0","0","24,370","0","",
"3673","TPK-KY","605","372","9","48,609","48,833","101,665","119","119","0","1,926","1,926","101,665","4","",
"3679","新至陞","28","43","0","686","671","19,825","0","3","0","1","4","19,825","0","",
"3682","亞太電","0","0","0","0","0","0","0","0","0","0","0","0","0","OX",
"3686","達能","0","4","17","3,436","3,415","0","0","0","0","0","0","0","0","OX",
"3694","海華","117","119","1","6,073","6,070","33,373","2","10","0","65","73","33,373","4","",
"3698","隆達","152","237","0","15,732","15,647","107,342","67","35","0","367","335","107,342","0","",
"3702","大聯大","18","206","0","3,249","3,061","456,265","80","2","0","96","18","456,265","0","",
"3703","欣陸","490","411","0","9,156","9,235","205,803","0","1","0","11","12","205,803","0","",
"3704","合勤控","51","3","1","9,260","9,307","110,294","0","0","0","21","21","110,294","0","",
"3705","永信","5","3","0","1,261","1,263","66,605","0","0","0","0","0","66,605","0","",
"3706","神達","49","26","0","8,660","8,683","204,890","1","0","0","99","98","204,890","0","",
"3708","上緯投控","992","823","1","7,678","7,846","22,711","232","555","0","1,595","1,918","22,711","102","",
"3711","日月光投控","1,819","4,538","31","18,260","15,510","1,079,597","0","31","0","0","31","1,079,597","183","",
"4104","佳醫","139","29","0","2,980","3,090","31,997","0","1","0","12","13","31,997","3","",
"4106","雃博","24","33","0","2,140","2,131","20,846","0","0","0","0","0","20,846","0","",
"4108","懷特","60","49","0","7,750","7,761","37,688","0","1","0","26","27","37,688","0","",
"4119","旭富","7","24","1","1,893","1,875","19,871","0","0","0","0","0","19,871","0","",
"4133","亞諾法","4","11","0","1,103","1,096","15,138","0","0","0","0","0","15,138","0","",
"4137","麗豐-KY","160","94","0","2,702","2,768","19,873","45","2","0","147","104","19,873","0","",
"4141","龍燈-KY","8","9","0","2,624","2,623","37,977","0","0","0","0","0","37,977","0","",
"4142","國光生","0","22","0","7,972","7,950","0","0","0","0","0","0","0","0","OX",
"4144","康聯-KY","78","118","0","4,129","4,089","19,534","3","0","0","69","66","19,534","0","",
"4148","全宇生技-KY","50","32","4","3,150","3,164","16,008","0","2","0","7","9","16,008","0","",
"4164","承業醫","194","163","0","4,676","4,707","34,978","0","9","0","9","18","34,978","2","",
"4190","佐登-KY","536","430","0","3,489","3,595","15,272","97","26","0","323","252","15,272","11","",
"4306","炎洲","559","499","0","10,911","10,971","132,515","2","25","0","30","53","132,515","8","",
"4414","如興","1,066","621","14","35,712","36,143","223,858","234","34","0","583","383","223,858","1","",
"4426","利勤","40","31","1","4,760","4,768","35,046","4","0","0","44","40","35,046","0","",
"4438","廣越","32","17","0","519","534","25,940","0","0","0","1","1","25,940","0","",
"4526","東台","1","4","10","3,539","3,526","63,706","0","0","0","0","0","63,706","0","",
"4532","瑞智","129","62","0","4,291","4,358","123,921","0","35","0","3","38","123,921","0","",
"4536","拓凱","5","0","0","135","140","22,705","0","0","0","0","0","22,705","0","",
"4545","銘鈺","27","17","4","2,695","2,701","19,250","2","3","0","39","40","19,250","6","",
"4551","智伸科","12","7","0","993","998","20,483","0","0","0","17","17","20,483","0","",
"4552","力達-KY","4","5","0","4,557","4,556","25,000","1","5","0","16","20","25,000","0","",
"4555","氣立","2","0","0","519","521","16,720","0","0","0","3","3","16,720","0","",
"4557","永新-KY","11","0","0","1,694","1,705","8,652","0","1","0","1","2","8,652","1","",
"4560","強信-KY","121","83","0","2,943","2,981","16,312","1","59","0","733","791","16,312","0","",
"4562","穎漢","1","0","0","110","111","16,886","0","0","0","0","0","16,886","0","",
"4720","德淵","3","12","0","795","786","22,144","0","0","0","0","0","22,144","0","",
"4722","國精化","0","5","0","1,347","1,342","23,811","6","0","0","9","3","23,811","0","",
"4725","信昌化","528","206","0","9,208","9,530","72,993","77","21","0","125","69","72,993","3","",
"4737","華廣","0","2","0","525","523","11,861","0","0","0","0","0","11,861","0","",
"4739","康普","415","191","1","10,238","10,461","20,869","149","56","6","1,241","1,142","20,869","12","",
"4746","台耀","114","87","0","4,860","4,887","23,253","8","0","0","49","41","23,253","2","",
"4755","三福化","4","5","0","1,122","1,121","22,676","0","0","0","0","0","22,676","0","",
"4763","材料-KY","6","2","0","2,614","2,618","11,620","0","0","0","18","18","11,620","0","",
"4904","遠傳","0","9","0","56","47","814,625","0","0","0","0","0","814,625","0","",
"4906","正文","288","221","40","21,012","21,039","86,925","32","15","0","295","278","86,925","0","",
"4912","聯德控股-KY","48","24","0","4,587","4,611","9,885","0","2","0","19","21","9,885","1","",
"4915","致伸","81","274","0","5,231","5,038","111,729","162","37","0","238","113","111,729","7","",
"4916","事欣科","299","125","2","6,563","6,735","20,488","1","1","0","112","112","20,488","13","",
"4919","新唐","159","66","0","7,364","7,457","51,888","57","13","0","297","253","51,888","4","",
"4927","泰鼎-KY","328","478","10","13,229","13,069","36,129","20","11","0","313","304","36,129","1","",
"4930","燦星網","0","5","0","7,114","7,109","33,575","0","0","0","0","0","33,575","0","",
"4934","太極","197","164","6","21,944","21,971","82,886","0","63","0","54","117","82,886","3","",
"4935","茂林-KY","6","18","3","6,817","6,802","32,734","1","5","0","34","38","32,734","0","",
"4938","和碩","101","117","3","11,551","11,532","653,474","46","2","0","207","163","653,474","0","",
"4942","嘉彰","7","0","0","748","755","35,591","0","0","0","0","0","35,591","0","",
"4952","凌通","7","11","4","5,281","5,273","27,203","2","1","3","21","17","27,203","1","",
"4956","光鋐","91","155","0","9,235","9,171","25,102","13","12","0","81","80","25,102","1","",
"4958","臻鼎-KY","142","193","0","16,474","16,423","201,187","24","20","0","164","160","201,187","1","",
"4960","奇美材","83","244","20","38,556","38,375","166,432","0","5","0","126","131","166,432","0","",
"4968","立積","38","58","0","4,400","4,380","13,721","0","52","0","342","394","13,721","1","",
"4976","佳凌","318","141","0","10,832","11,009","28,911","36","120","0","395","479","28,911","26","",
"4977","眾達-KY","90","82","0","4,496","4,504","15,263","29","2","15","154","112","15,263","1","",
"4984","科納-KY","27","6","0","1,758","1,779","11,550","0","0","0","0","0","11,550","1","",
"4994","傳奇","12","13","0","1,821","1,820","27,734","0","0","0","4","4","27,734","0","",
"4999","鑫禾","0","13","5","765","747","18,604","0","0","0","0","0","18,604","0","",
"5007","三星","9","4","0","3,046","3,051","73,735","0","0","0","1","1","73,735","0","",
"5203","訊連","10","1","0","497","506","21,130","0","0","0","0","0","21,130","0","",
"5215","科嘉-KY","4","0","0","898","902","13,584","0","0","0","0","0","13,584","0","",
"5225","東科-KY","0","1","4","550","545","15,491","0","0","0","0","0","15,491","0","",
"5234","達興材料","40","47","9","1,955","1,939","23,344","2","1","0","16","15","23,344","0","",
"5243","乙盛-KY","67","14","0","7,317","7,370","43,382","27","6","0","40","19","43,382","0","",
"5258","虹堡","23","17","0","812","818","18,635","0","0","0","1","1","18,635","0","",
"5259","清惠","0","0","0","0","0","0","0","0","0","0","0","0","0","OX",
"5264","鎧勝-KY","238","242","0","13,420","13,416","105,301","35","41","0","277","283","105,301","2","",
"5269","祥碩","8","14","0","1,697","1,691","15,009","19","23","0","144","148","15,009","1","",
"5284","jpp-KY","2","2","0","847","847","9,812","0","0","0","0","0","9,812","0","",
"5285","界霖","21","34","0","7,009","6,996","20,941","29","22","0","107","100","20,941","1","",
"5288","豐祥-KY","6","11","0","1,321","1,316","16,456","0","0","0","0","0","16,456","0","",
"5305","敦南","98","107","3","10,859","10,847","77,934","28","101","0","149","222","77,934","7","",
"5388","中磊","14","27","1","4,457","4,443","61,413","7","27","0","94","114","61,413","0","",
"5434","崇越","12","9","86","2,043","1,960","45,424","0","13","0","6","19","45,424","0","",
"5469","瀚宇博","678","288","0","21,831","22,221","112,609","7","14","0","110","117","112,609","0","",
"5471","松翰","4","23","0","3,473","3,454","41,969","8","0","0","53","45","41,969","0","",
"5484","慧友","0","0","0","0","0","0","0","0","0","0","0","0","0","OX",
"5515","建國","45","132","0","5,828","5,741","84,475","0","0","0","0","0","84,475","0","",
"5519","隆大","35","19","0","1,764","1,780","45,765","0","0","0","29","29","45,765","0","",
"5521","工信","585","744","993","58,239","57,087","86,881","4","19","0","24","39","86,881","0","",
"5522","遠雄","6","7","0","1,177","1,176","208,858","0","1","0","9","10","208,858","0","",
"5525","順天","12","0","0","318","330","55,679","0","0","0","0","0","55,679","0","",
"5531","鄉林","103","31","0","12,265","12,337","231,606","0","0","0","5","5","231,606","0","",
"5533","皇鼎","21","0","0","767","788","71,311","0","0","0","0","0","71,311","0","",
"5534","長虹","91","101","0","4,202","4,192","72,581","0","0","0","0","0","72,581","0","",
"5538","東明-KY","0","2","0","203","201","42,000","0","0","0","6","6","42,000","0","",
"5607","遠雄港","38","14","0","4,151","4,175","42,494","0","0","0","16","16","42,494","0","",
"5608","四維航","71","58","3","9,404","9,414","105,890","0","0","0","3","3","105,890","0","",
"5706","鳳凰","3","0","0","205","208","15,640","0","0","0","4","4","15,640","0","",
"5871","中租-KY","845","621","0","5,026","5,250","316,057","28","57","0","374","403","316,057","12","",
"5880","合庫金","633","40","0","4,107","4,700","3,050,675","0","0","0","2","2","3,050,675","0","",
"5906","台南-KY","0","0","0","0","0","0","0","0","0","0","0","0","0","OX",
"5907","大洋-KY","1,096","646","9","5,237","5,678","49,874","0","2","0","18","20","49,874","30","",
"6005","群益證","107","75","0","6,303","6,335","542,268","0","0","0","0","0","542,268","35","",
"6024","群益期","159","22","0","1,111","1,248","40,099","0","0","0","7","7","40,099","1","",
"6108","競國","202","194","4","7,229","7,233","39,974","5","86","0","23","104","39,974","10","",
"6112","聚碩","25","88","0","1,166","1,103","25,280","0","0","0","1","1","25,280","0","",
"6115","鎰勝","0","0","0","156","156","46,915","0","0","0","0","0","46,915","0","",
"6116","彩晶","268","1,311","115","126,685","125,527","808,483","688","614","0","14,085","14,011","808,483","30","",
"6117","迎廣","0","3","0","1,100","1,097","22,162","0","0","0","0","0","22,162","0","",
"6120","達運","1,037","727","5","21,331","21,636","166,388","23","107","0","576","660","166,388","27","",
"6128","上福","83","126","0","2,447","2,404","31,897","0","0","0","0","0","31,897","0","",
"6131","悠克","0","0","0","25,459","25,459","25,481","6","249","0","1,437","1,680","25,481","0","@",
"6133","金橋","78","70","0","6,459","6,467","29,251","0","0","0","0","0","29,251","0","",
"6136","富爾特","2","0","0","2,850","2,852","28,884","0","0","0","0","0","28,884","0","",
"6139","亞翔","201","163","0","10,138","10,176","56,385","2","6","0","152","156","56,385","3","",
"6141","柏承","680","626","0","10,305","10,359","33,041","44","40","0","189","185","33,041","65","",
"6142","友勁","77","46","0","15,211","15,242","67,058","2","0","0","3","1","67,058","0","",
"6145","勁永","0","76","0","11,624","11,548","0","0","0","0","0","0","0","0","OX",
"6152","百一","2","5","0","2,990","2,987","42,350","0","0","0","1","1","42,350","0","",
"6153","嘉聯益","2,331","1,941","600","43,203","42,993","99,999","327","1,386","0","4,042","5,101","99,999","131","",
"6155","鈞寶","11","10","3","3,126","3,124","21,542","1","0","0","5","4","21,542","0","",
"6164","華興","5","20","0","7,429","7,414","25,000","0","0","0","0","0","25,000","0","",
"6165","捷泰","0","0","0","0","0","0","0","0","0","0","0","0","0","OX",
"6166","凌華","2","13","1","5,449","5,437","50,703","0","3","0","13","16","50,703","0","",
"6168","宏齊","50","46","203","10,868","10,669","51,517","32","0","0","125","93","51,517","0","",
"6172","互億","0","0","0","0","0","0","0","0","0","0","0","0","0","OX",
"6176","瑞儀","792","391","0","8,343","8,744","116,256","260","302","0","750","792","116,256","17","",
"6177","達麗","172","1,179","0","7,973","6,966","59,862","4","10","0","156","162","59,862","5","",
"6183","關貿","0","3","10","671","658","37,500","0","0","0","0","0","37,500","0","",
"6184","大豐電","0","6","0","1,247","1,241","39,557","0","0","0","0","0","39,557","0","",
"6189","豐藝","7","1","0","332","338","44,761","0","1","0","3","4","44,761","0","",
"6191","精成科","739","316","0","15,303","15,726","128,886","50","37","0","97","84","128,886","25","",
"6192","巨路","7","14","0","644","637","26,709","0","0","0","0","0","26,709","0","",
"6196","帆宣","82","68","8","4,503","4,509","44,565","10","111","0","1,058","1,159","44,565","0","",
"6197","佳必琪","1","6","0","5,952","5,947","32,521","0","0","0","3","3","32,521","0","",
"6201","亞弘電","3","3","0","89","89","22,300","0","0","0","0","0","22,300","0","",
"6202","盛群","85","47","2","5,844","5,880","56,542","66","10","2","111","53","56,542","7","",
"6205","詮欣","7","52","80","2,018","1,893","17,959","0","0","0","0","0","17,959","0","",
"6206","飛捷","14","1","0","867","880","35,765","2","0","0","10","8","35,765","0","",
"6209","今國光","117","160","12","15,927","15,872","40,757","188","162","0","1,386","1,360","40,757","17","",
"6213","聯茂","514","221","0","3,710","4,003","75,739","89","36","0","501","448","75,739","14","",
"6214","精誠","43","39","0","2,116","2,120","67,348","0","0","0","9","9","67,348","0","",
"6215","和椿","39","46","97","5,926","5,822","20,697","0","3","0","29","32","20,697","1","",
"6216","居易","5","0","0","803","808","20,390","0","0","0","0","0","20,390","0","",
"6224","聚鼎","35","34","0","1,406","1,407","20,000","0","0","0","0","0","20,000","1","",
"6225","天瀚","0","0","0","0","0","0","0","0","0","0","0","0","0","OX",
"6226","光鼎","5","5","0","11,224","11,224","23,857","13","0","0","21","8","23,857","0","",
"6230","超眾","45","51","3","3,124","3,115","21,585","3","1","0","16","14","21,585","0","",
"6235","華孚","6","15","0","6,915","6,906","41,375","0","1","0","41","42","41,375","0","",
"6239","力成","90","24","3","3,418","3,481","194,786","7","14","0","72","79","194,786","0","",
"6243","迅杰","0","0","0","3","3","0","0","0","0","0","0","0","0","OX",
"6251","定穎","211","404","0","14,670","14,477","70,264","87","0","0","139","52","70,264","0","",
"6257","矽格","325","96","0","13,939","14,168","96,166","54","37","0","1,282","1,265","96,166","0","",
"6269","台郡","977","305","103","18,321","18,890","79,497","458","255","0","904","701","79,497","9","",
"6271","同欣電","94","42","1","3,615","3,666","41,339","30","6","0","151","127","41,339","3","",
"6277","宏正","58","47","0","1,545","1,556","29,867","1","0","0","1","0","29,867","0","",
"6278","台表科","13","9","0","5,020","5,024","73,849","0","0","0","10","10","73,849","0","",
"6281","全國電","0","0","0","13","13","24,793","0","0","0","0","0","24,793","0","",
"6282","康舒","196","388","0","13,964","13,772","129,155","1","25","0","62","86","129,155","0","",
"6283","淳安","109","136","0","13,135","13,108","20,355","27","121","0","372","466","20,355","22","",
"6285","啟��","88","65","9","7,215","7,229","91,694","4","8","0","177","181","91,694","0","",
"6289","華上","0","0","0","0","0","0","0","0","0","0","0","0","0","OX",
"6405","悅城","6","2","0","2,732","2,736","16,450","0","0","0","0","0","16,450","0","",
"6409","旭隼","0","0","1","25","24","19,671","0","0","0","0","0","19,671","0","",
"6412","群電","70","32","1","1,729","1,766","95,568","27","16","0","49","38","95,568","3","",
"6414","樺漢","31","48","0","2,120","2,103","19,341","1","21","0","63","83","19,341","0","",
"6415","矽力-KY","1","3","0","117","115","22,007","0","0","0","0","0","22,007","0","",
"6422","君耀-KY","1,131","1,535","0","2,917","2,513","10,438","4","188","0","15","199","10,438","84","",
"6431","光麗-KY","0","15","0","1,383","1,368","0","0","0","0","0","0","0","0","OX",
"6442","光聖","18","2","0","4,103","4,119","16,500","0","0","0","2","2","16,500","0","",
"6443","元晶","0","0","0","3,894","3,894","0","0","0","0","0","0","0","0","OX",
"6449","鈺邦","546","499","1","7,809","7,855","20,151","132","33","0","636","537","20,151","13","",
"6451","訊芯-KY","72","61","1","5,655","5,665","26,361","41","152","0","416","527","26,361","3","",
"6452","康友-KY","156","166","0","13,304","13,294","19,500","6","2","0","15","11","19,500","0","",
"6456","GIS-KY","791","940","94","32,936","32,693","84,859","742","237","1","2,161","1,655","84,859","33","",
"6464","台數科","0","0","0","2","2","31,432","0","0","0","0","0","31,432","0","",
"6477","安集","1,470","829","0","9,487","10,128","23,614","5","363","3","312","667","23,614","19","",
"6504","南六","0","0","0","98","98","18,150","0","0","0","0","0","18,150","0","",
"6505","台塑化","2","57","0","326","271","2,381,489","0","0","0","23","23","2,381,489","0","",
"6525","捷敏-KY","59","51","0","3,452","3,460","26,662","5","6","0","32","33","26,662","0","",
"6531","愛普","89","37","1","3,713","3,764","17,800","7","0","0","63","56","17,800","0","",
"6533","晶心科","89","85","19","2,596","2,581","10,154","15","5","0","78","68","10,154","4","",
"6552","易華電","9","14","0","3,060","3,055","25,000","6","8","0","102","104","25,000","0","",
"6573","虹揚-KY","0","0","0","0","0","15,838","0","0","0","0","0","15,838","0","",
"6579","研揚","22","1","0","64","85","26,700","0","0","0","0","0","26,700","0","",
"6582","申豐","7","3","0","229","233","26,066","0","0","0","0","0","26,066","0","",
"6605","帝寶","6","0","0","826","832","41,454","0","0","0","0","0","41,454","0","",
"8011","台通","5","4","1","8,227","8,227","29,655","0","0","0","5","5","29,655","0","",
"8016","矽創","39","60","0","3,664","3,643","30,125","4","21","0","15","32","30,125","3","",
"8021","尖點","12","37","0","6,114","6,089","39,869","1","0","0","11","10","39,869","0","",
"8033","雷虎","0","0","0","0","0","0","0","0","0","0","0","0","0","OX",
"8039","台虹","266","100","5","10,615","10,776","52,279","74","38","0","235","199","52,279","0","",
"8046","南電","71","57","0","6,892","6,906","161,541","3","11","0","30","38","161,541","0","",
"8070","長華","7","8","0","1,272","1,271","15,969","2","0","0","3","1","15,969","0","",
"8072","陞泰","0","0","0","824","824","20,000","0","0","0","0","0","20,000","1","",
"8081","致新","4","7","6","1,816","1,807","21,543","0","0","0","0","0","21,543","0","",
"8101","華冠","0","0","0","0","0","0","0","0","0","0","0","0","0","OX",
"8103","瀚荃","2","13","0","1,291","1,280","20,349","0","0","0","18","18","20,349","0","",
"8105","凌巨","89","116","2","22,906","22,877","72,140","21","15","0","1,936","1,930","72,140","3","",
"8110","華東","621","472","50","22,535","22,634","131,595","0","121","0","30","151","131,595","6","",
"8112","至上","218","136","160","20,673","20,595","93,369","2","168","0","972","1,138","93,369","0","",
"8114","振樺電","67","1","1","1,151","1,216","18,730","2","0","0","9","7","18,730","0","",
"8131","福懋科","24","39","0","1,375","1,360","110,555","0","0","0","0","0","110,555","0","",
"8150","南茂","254","457","6","33,126","32,917","221,536","12","4","0","129","121","221,536","2","",
"8163","達方","620","339","1","6,272","6,552","70,000","1","45","0","40","84","70,000","77","",
"8201","無敵","88","164","0","3,868","3,792","15,591","10","10","0","88","88","15,591","2","",
"8210","勤誠","38","41","0","3,505","3,502","29,931","0","0","0","7","7","29,931","0","",
"8213","志超","85","41","0","3,986","4,030","67,810","4","0","0","73","69","67,810","0","",
"8215","明基材","73","8","0","7,702","7,767","80,168","1","0","0","4","3","80,168","0","",
"8222","寶一","39","49","0","2,052","2,042","17,115","0","0","0","8","8","17,115","0","",
"8249","菱光","0","30","0","2,099","2,069","31,763","1","0","0","1","0","31,763","0","",
"8261","富鼎","36","62","0","4,659","4,633","20,335","20","0","0","43","23","20,335","0","",
"8271","宇瞻","13","6","0","2,527","2,534","22,711","1","0","0","16","15","22,711","0","",
"8341","日友","25","64","0","2,237","2,198","27,875","3","1","0","52","50","27,875","0","",
"8374","羅昇","22","36","0","5,422","5,408","22,228","0","2","0","12","14","22,228","3","",
"8404","百和興業-KY","167","187","0","10,409","10,389","66,325","11","11","0","100","100","66,325","0","",
"8411","福貞-KY","93","57","7","1,622","1,651","43,849","0","8","0","0","8","43,849","1","",
"8422","可寧衛","16","23","0","712","705","27,222","0","0","0","0","0","27,222","0","",
"8427","基勝-KY","0","2","0","414","412","26,065","0","0","0","0","0","26,065","0","",
"8429","金麗-KY","144","48","0","6,856","6,952","44,897","0","0","0","0","0","44,897","0","",
"8442","威宏-KY","6","0","0","60","66","12,499","0","0","0","0","0","12,499","0","",
"8443","阿瘦","0","0","0","558","558","16,700","0","0","0","0","0","16,700","0","",
"8454","富邦媒","9","11","0","1,329","1,327","35,514","2","0","0","2","0","35,514","0","",
"8463","潤泰材","734","439","0","2,215","2,510","37,500","20","44","0","146","170","37,500","24","",
"8464","億豐","12","3","0","708","717","73,255","0","0","0","2","2","73,255","0","",
"8466","美吉吉-KY","0","7","0","855","848","16,514","0","0","0","0","0","16,514","0","",
"8467","波力-KY","0","2","0","31","29","12,715","0","0","0","0","0","12,715","0","",
"8473","山林水","13","13","6","1,217","1,211","33,053","0","0","0","1","1","33,053","0","",
"8480","泰昇-KY","0","3","0","87","84","8,925","0","0","0","0","0","8,925","0","",
"8481","政伸","0","0","0","315","315","16,650","0","0","0","0","0","16,650","0","",
"8488","吉源-KY","2","1","0","263","264","16,875","0","0","0","0","0","16,875","0","",
"8926","台汽電","431","224","1","6,515","6,721","147,262","0","2","0","15","17","147,262","20","",
"8940","新天地","6","2","0","795","799","16,872","0","8","0","0","8","16,872","0","",
"8996","高力","10","13","0","3,285","3,282","22,346","6","7","0","15","16","22,346","0","",
"9103","美德醫療-DR","15","0","0","3,144","3,159","51,382","0","0","0","0","0","51,382","0","",
"910322","康師傅-DR","0","0","0","0","0","0","0","0","0","0","0","0","0","OX",
"910482","聖馬丁-DR","0","0","0","0","0","0","0","0","0","0","0","0","0","OX",
"9105","泰金寶-DR","87","3","0","14,290","14,374","209,821","0","1","0","37","38","209,821","0","",
"910861","神州-DR","0","0","0","0","0","0","0","0","0","0","0","0","0","OX",
"911616","杜康-DR","5","3","0","3,948","3,950","32,500","0","0","0","0","0","32,500","1","",
"911619","耀傑-DR","0","0","0","0","0","0","0","0","0","0","0","0","0","OX",
"911868","同方友友-DR","0","0","0","0","0","0","0","0","0","0","0","0","0","OX",
"912000","晨訊科-DR","0","0","0","0","0","0","0","0","0","0","0","0","0","OX",
"912398","友佳-DR","0","0","0","0","0","0","0","0","0","0","0","0","0","OX",
"9136","巨騰-DR","133","14","3","6,818","6,934","40,000","0","0","0","10","10","40,000","0","",
"9157","陽光能源-DR","0","0","0","0","0","0","0","0","0","0","0","0","0","OX",
"9188","精熙-DR","0","0","0","0","0","0","0","0","0","0","0","0","0","OX",
"9802","鈺齊-KY","26","18","13","5,188","5,183","36,563","0","0","0","33","33","36,563","0","",
"9902","台火","11","5","0","3,072","3,078","24,512","0","0","0","0","0","24,512","0","",
"9904","寶成","18","155","15","5,776","5,624","736,696","3","0","0","34","31","736,696","0","",
"9905","大華","0","4","0","172","168","76,250","0","0","0","0","0","76,250","0","",
"9906","欣巴巴","5","3","0","2,157","2,159","18,641","0","0","0","0","0","18,641","0","",
"9907","統一實","44","0","0","3,593","3,637","394,786","21","0","0","21","0","394,786","0","",
"9908","大台北","0","0","0","1,454","1,454","129,089","0","0","0","0","0","129,089","0","",
"9910","豐泰","10","58","0","1,059","1,011","166,985","0","0","0","2","2","166,985","0","",
"9911","櫻花","69","10","0","1,331","1,390","52,033","0","0","0","1","1","52,033","0","",
"9912","偉聯","94","236","7","2,530","2,381","13,201","5","46","0","30","71","13,201","1","",
"9914","美利達","2","2","0","265","265","74,745","0","2","0","13","15","74,745","0","",
"9917","中保","0","0","0","7","7","112,799","0","0","0","0","0","112,799","0","",
"9918","欣天然","0","0","0","9","9","45,134","0","0","0","0","0","45,134","0","",
"9919","康那香","15","1","0","1,501","1,515","49,281","0","0","0","0","0","49,281","0","",
"9921","巨大","1","27","0","340","314","93,766","0","0","0","0","0","93,766","0","",
"9924","福興","0","26","0","543","517","47,113","0","0","0","0","0","47,113","0","",
"9925","新保","0","0","2","66","64","95,913","0","0","0","0","0","95,913","0","",
"9926","新海","0","0","0","0","0","44,876","0","0","0","0","0","44,876","0","X",
"9927","泰銘","1","2","0","1,318","1,317","52,287","0","0","0","0","0","52,287","0","",
"9928","中視","0","0","0","0","0","0","0","0","0","0","0","0","0","OX",
"9929","秋雨","0","0","0","0","0","0","0","0","0","0","0","0","0","OX",
"9930","中聯資源","0","1","0","58","57","56,486","0","0","0","0","0","56,486","0","",
"9931","欣高","0","0","0","7","7","25,562","0","0","0","0","0","25,562","0","",
"9933","中鼎","60","15","0","2,842","2,887","190,818","0","1","0","13","14","190,818","0","",
"9934","成霖","1,850","849","0","10,420","11,421","91,893","1","66","0","78","143","91,893","9","",
"9935","慶豐富","0","0","0","0","0","0","0","0","0","0","0","0","0","OX",
"9937","全國","7","0","0","146","153","77,260","0","0","0","0","0","77,260","0","",
"9938","百和","585","737","0","5,381","5,229","74,490","14","62","0","52","100","74,490","13","",
"9939","宏全","58","55","47","3,358","3,314","73,219","1","0","0","56","55","73,219","0","",
"9940","信義","5","0","0","1,312","1,317","162,875","0","0","0","5","5","162,875","0","",
"9941","裕融","67","44","0","1,813","1,836","68,657","0","0","0","2","2","68,657","0","",
"9942","茂順","0","0","0","415","415","20,790","0","0","0","0","0","20,790","0","",
"9943","好樂迪","5","0","0","118","123","36,829","0","0","0","3","3","36,829","0","",
"9944","新麗","21","17","0","8,012","8,016","27,276","0","0","0","0","0","27,276","0","",
"9945","潤泰新","110","110","0","21,054","21,054","418,022","0","1","0","24","25","418,022","3","",
"9946","三發地產","65","11","0","3,054","3,108","65,381","0","0","0","0","0","65,381","0","",
"9955","佳龍","11","1","0","1,735","1,745","25,802","0","1","0","0","1","25,802","0","",
"9958","世紀鋼","0","318","1","16,174","15,855","46,389","811","85","0","3,451","2,725","46,389","92","",